/*ramas*/
INSERT INTO branch VALUES('Sede0','cali','Cra 84A #14-115',true);
INSERT INTO branch VALUES('Sede1','Bogota','Cra 106D #14-15',true);

/*catalog*/
insert into catalog (furniture_id, name, price, material, weight, color, active) values (1, 'Sofa', 100, 'Hierro', 15, 'Cafe', true);
insert into catalog (furniture_id, name, price, material, weight, color, active) values (2, 'Camarote', 100, 'Aluminio', 14, 'Blanco', false);
insert into catalog (furniture_id, name, price, material, weight, color, active) values (3, 'Camarote', 100, 'Aluminio', 10, 'Plateado', false);
insert into catalog (furniture_id, name, price, material, weight, color, active) values (4, 'Silla', 100, 'Madera', 5, 'Gris', true);
insert into catalog (furniture_id, name, price, material, weight, color, active) values (5, 'Armario', 100, 'Madera', 8, 'Cafe', true);
insert into catalog (furniture_id, name, price, material, weight, color, active) values (6, 'Sofa', 100, 'Hierro', 14, 'Cafe', false);
insert into catalog (furniture_id, name, price, material, weight, color, active) values (7, 'Silla', 100, 'Hierro', 5, 'Plateado', true);
insert into catalog (furniture_id, name, price, material, weight, color, active) values (8, 'Camarote', 100, 'Aluminio', 13, 'Cafe', false);
insert into catalog (furniture_id, name, price, material, weight, color, active) values (9, 'Mesa', 100, 'Madera', 8, 'Blanco', false);
insert into catalog (furniture_id, name, price, material, weight, color, active) values (10, 'Comedor', 100, 'Hierro', 14, 'Plateado', false);
insert into catalog (furniture_id, name, price, material, weight, color, active) values (11, 'Sofa', 100, 'Madera', 11, 'Negro', false);
insert into catalog (furniture_id, name, price, material, weight, color, active) values (12, 'Armario', 100, 'Hierro', 7, 'Cafe', true);
insert into catalog (furniture_id, name, price, material, weight, color, active) values (13, 'Sofa', 100, 'Aluminio', 5, 'Gris', false);
insert into catalog (furniture_id, name, price, material, weight, color, active) values (14, 'Armario', 100, 'Aluminio', 13, 'Blanco', true);
insert into catalog (furniture_id, name, price, material, weight, color, active) values (15, 'Sofa', 100, 'Madera', 5, 'Cafe', true);
insert into catalog (furniture_id, name, price, material, weight, color, active) values (16, 'Silla', 100, 'Aluminio', 9, 'Blanco', false);
insert into catalog (furniture_id, name, price, material, weight, color, active) values (17, 'Comedor', 100, 'Madera', 14, 'Crema', true);
insert into catalog (furniture_id, name, price, material, weight, color, active) values (18, 'Sofa', 100, 'Hierro', 14, 'Crema', false);
insert into catalog (furniture_id, name, price, material, weight, color, active) values (19, 'Camarote', 100, 'Hierro', 13, 'Plateado', true);
insert into catalog (furniture_id, name, price, material, weight, color, active) values (20, 'Sofa', 100, 'Aluminio', 6, 'Crema', false);

/*inventory*/
insert into inventory (furniture_id, quantity, branch) values (19, 71, 'Sede1');
insert into inventory (furniture_id, quantity, branch) values (5, 16, 'Sede1');
insert into inventory (furniture_id, quantity, branch) values (5, 55, 'Sede0');
insert into inventory (furniture_id, quantity, branch) values (17, 16, 'Sede1');
insert into inventory (furniture_id, quantity, branch) values (7, 82, 'Sede0');
insert into inventory (furniture_id, quantity, branch) values (12, 20, 'Sede1');
insert into inventory (furniture_id, quantity, branch) values (4, 47, 'Sede1');
/*Login*/
INSERT INTO login VALUES('1', '123');
INSERT INTO login VALUES('2', '123');
INSERT INTO login VALUES('3', '123');
INSERT INTO login VALUES('4', '123');
INSERT INTO login VALUES('5', '123');
INSERT INTO login VALUES('6', '123');
INSERT INTO login VALUES('7', '123');
insert into login (username, pass) values (8, 123);
insert into login (username, pass) values (9, 123);
insert into login (username, pass) values (10, 123);
insert into login (username, pass) values (11, 123);
insert into login (username, pass) values (12, 123);
insert into login (username, pass) values (13, 123);
insert into login (username, pass) values (14, 123);
insert into login (username, pass) values (15, 123);
insert into login (username, pass) values (16, 123);
insert into login (username, pass) values (17, 123);
insert into login (username, pass) values (18, 123);
insert into login (username, pass) values (19, 123);
insert into login (username, pass) values (20, 123);
insert into login (username, pass) values (21, 123);
insert into login (username, pass) values (22, 123);
insert into login (username, pass) values (23, 123);
insert into login (username, pass) values (24, 123);
insert into login (username, pass) values (25, 123);
insert into login (username, pass) values (26, 123);
insert into login (username, pass) values (27, 123);
insert into login (username, pass) values (28, 123);
insert into login (username, pass) values (29, 123);
insert into login (username, pass) values (30, 123);
insert into login (username, pass) values (31, 123);
insert into login (username, pass) values (32, 123);
insert into login (username, pass) values (33, 123);
insert into login (username, pass) values (34, 123);
insert into login (username, pass) values (35, 123);
insert into login (username, pass) values (36, 123);
insert into login (username, pass) values (37, 123);
insert into login (username, pass) values (38, 123);
insert into login (username, pass) values (39, 123);
insert into login (username, pass) values (40, 123);
insert into login (username, pass) values (41, 123);
insert into login (username, pass) values (42, 123);
insert into login (username, pass) values (43, 123);
insert into login (username, pass) values (44, 123);
insert into login (username, pass) values (45, 123);
insert into login (username, pass) values (46, 123);
insert into login (username, pass) values (47, 123);
insert into login (username, pass) values (48, 123);
insert into login (username, pass) values (49, 123);
insert into login (username, pass) values (50, 123);
insert into login (username, pass) values (51, 123);
insert into login (username, pass) values (52, 123);
insert into login (username, pass) values (53, 123);
insert into login (username, pass) values (54, 123);
insert into login (username, pass) values (55, 123);
insert into login (username, pass) values (56, 123);
insert into login (username, pass) values (57, 123);
insert into login (username, pass) values (58, 123);
insert into login (username, pass) values (59, 123);
insert into login (username, pass) values (60, 123);
insert into login (username, pass) values (61, 123);
insert into login (username, pass) values (62, 123);
insert into login (username, pass) values (63, 123);
insert into login (username, pass) values (64, 123);
insert into login (username, pass) values (65, 123);
insert into login (username, pass) values (66, 123);
insert into login (username, pass) values (67, 123);
insert into login (username, pass) values (68, 123);
insert into login (username, pass) values (69, 123);
insert into login (username, pass) values (70, 123);
insert into login (username, pass) values (71, 123);
insert into login (username, pass) values (72, 123);
insert into login (username, pass) values (73, 123);
insert into login (username, pass) values (74, 123);
insert into login (username, pass) values (75, 123);
insert into login (username, pass) values (76, 123);
insert into login (username, pass) values (77, 123);
insert into login (username, pass) values (78, 123);
insert into login (username, pass) values (79, 123);
insert into login (username, pass) values (80, 123);
insert into login (username, pass) values (81, 123);
insert into login (username, pass) values (82, 123);
insert into login (username, pass) values (83, 123);
insert into login (username, pass) values (84, 123);
insert into login (username, pass) values (85, 123);
insert into login (username, pass) values (86, 123);
insert into login (username, pass) values (87, 123);
insert into login (username, pass) values (88, 123);
insert into login (username, pass) values (89, 123);
insert into login (username, pass) values (90, 123);
insert into login (username, pass) values (91, 123);
insert into login (username, pass) values (92, 123);
insert into login (username, pass) values (93, 123);
insert into login (username, pass) values (94, 123);
insert into login (username, pass) values (95, 123);
insert into login (username, pass) values (96, 123);
insert into login (username, pass) values (97, 123);
insert into login (username, pass) values (98, 123);
insert into login (username, pass) values (99, 123);
insert into login (username, pass) values (100, 123);
insert into login (username, pass) values (101, 123);
insert into login (username, pass) values (102, 123);
insert into login (username, pass) values (103, 123);
insert into login (username, pass) values (104, 123);
insert into login (username, pass) values (105, 123);
insert into login (username, pass) values (106, 123);
insert into login (username, pass) values (107, 123);
insert into login (username, pass) values (108, 123);
insert into login (username, pass) values (109, 123);
insert into login (username, pass) values (110, 123);
insert into login (username, pass) values (111, 123);
insert into login (username, pass) values (112, 123);
insert into login (username, pass) values (113, 123);
insert into login (username, pass) values (114, 123);
insert into login (username, pass) values (115, 123);
insert into login (username, pass) values (116, 123);
insert into login (username, pass) values (117, 123);
insert into login (username, pass) values (118, 123);
insert into login (username, pass) values (119, 123);
insert into login (username, pass) values (120, 123);
insert into login (username, pass) values (121, 123);
insert into login (username, pass) values (122, 123);
insert into login (username, pass) values (123, 123);
insert into login (username, pass) values (124, 123);
insert into login (username, pass) values (125, 123);
insert into login (username, pass) values (126, 123);
insert into login (username, pass) values (127, 123);
insert into login (username, pass) values (128, 123);
insert into login (username, pass) values (129, 123);
insert into login (username, pass) values (130, 123);
insert into login (username, pass) values (131, 123);
insert into login (username, pass) values (132, 123);
insert into login (username, pass) values (133, 123);
insert into login (username, pass) values (134, 123);
insert into login (username, pass) values (135, 123);
insert into login (username, pass) values (136, 123);
insert into login (username, pass) values (137, 123);
insert into login (username, pass) values (138, 123);
insert into login (username, pass) values (139, 123);
insert into login (username, pass) values (140, 123);
insert into login (username, pass) values (141, 123);
insert into login (username, pass) values (142, 123);
insert into login (username, pass) values (143, 123);
insert into login (username, pass) values (144, 123);
insert into login (username, pass) values (145, 123);
insert into login (username, pass) values (146, 123);
insert into login (username, pass) values (147, 123);
insert into login (username, pass) values (148, 123);
insert into login (username, pass) values (149, 123);
insert into login (username, pass) values (150, 123);
insert into login (username, pass) values (151, 123);
insert into login (username, pass) values (152, 123);
insert into login (username, pass) values (153, 123);
insert into login (username, pass) values (154, 123);
insert into login (username, pass) values (155, 123);
insert into login (username, pass) values (156, 123);
insert into login (username, pass) values (157, 123);
insert into login (username, pass) values (158, 123);
insert into login (username, pass) values (159, 123);
insert into login (username, pass) values (160, 123);
insert into login (username, pass) values (161, 123);
insert into login (username, pass) values (162, 123);
insert into login (username, pass) values (163, 123);
insert into login (username, pass) values (164, 123);
insert into login (username, pass) values (165, 123);
insert into login (username, pass) values (166, 123);
insert into login (username, pass) values (167, 123);
insert into login (username, pass) values (168, 123);
insert into login (username, pass) values (169, 123);
insert into login (username, pass) values (170, 123);
insert into login (username, pass) values (171, 123);
insert into login (username, pass) values (172, 123);
insert into login (username, pass) values (173, 123);
insert into login (username, pass) values (174, 123);
insert into login (username, pass) values (175, 123);
insert into login (username, pass) values (176, 123);
insert into login (username, pass) values (177, 123);
insert into login (username, pass) values (178, 123);
insert into login (username, pass) values (179, 123);
insert into login (username, pass) values (180, 123);
insert into login (username, pass) values (181, 123);
insert into login (username, pass) values (182, 123);
insert into login (username, pass) values (183, 123);
insert into login (username, pass) values (184, 123);
insert into login (username, pass) values (185, 123);
insert into login (username, pass) values (186, 123);
insert into login (username, pass) values (187, 123);
insert into login (username, pass) values (188, 123);
insert into login (username, pass) values (189, 123);
insert into login (username, pass) values (190, 123);
insert into login (username, pass) values (191, 123);
insert into login (username, pass) values (192, 123);
insert into login (username, pass) values (193, 123);
insert into login (username, pass) values (194, 123);
insert into login (username, pass) values (195, 123);
insert into login (username, pass) values (196, 123);
insert into login (username, pass) values (197, 123);
insert into login (username, pass) values (198, 123);
insert into login (username, pass) values (199, 123);
insert into login (username, pass) values (200, 123);
insert into login (username, pass) values (201, 123);
insert into login (username, pass) values (202, 123);
insert into login (username, pass) values (203, 123);
insert into login (username, pass) values (204, 123);
insert into login (username, pass) values (205, 123);
insert into login (username, pass) values (206, 123);
insert into login (username, pass) values (207, 123);
insert into login (username, pass) values (208, 123);
insert into login (username, pass) values (209, 123);
insert into login (username, pass) values (210, 123);
insert into login (username, pass) values (211, 123);
insert into login (username, pass) values (212, 123);
insert into login (username, pass) values (213, 123);
insert into login (username, pass) values (214, 123);
insert into login (username, pass) values (215, 123);
insert into login (username, pass) values (216, 123);
insert into login (username, pass) values (217, 123);
insert into login (username, pass) values (218, 123);
insert into login (username, pass) values (219, 123);
insert into login (username, pass) values (220, 123);
insert into login (username, pass) values (221, 123);
insert into login (username, pass) values (222, 123);
insert into login (username, pass) values (223, 123);
insert into login (username, pass) values (224, 123);
insert into login (username, pass) values (225, 123);
insert into login (username, pass) values (226, 123);
insert into login (username, pass) values (227, 123);
insert into login (username, pass) values (228, 123);
insert into login (username, pass) values (229, 123);
insert into login (username, pass) values (230, 123);
insert into login (username, pass) values (231, 123);
insert into login (username, pass) values (232, 123);
insert into login (username, pass) values (233, 123);
insert into login (username, pass) values (234, 123);
insert into login (username, pass) values (235, 123);
insert into login (username, pass) values (236, 123);
insert into login (username, pass) values (237, 123);
insert into login (username, pass) values (238, 123);
insert into login (username, pass) values (239, 123);
insert into login (username, pass) values (240, 123);
insert into login (username, pass) values (241, 123);
insert into login (username, pass) values (242, 123);
insert into login (username, pass) values (243, 123);
insert into login (username, pass) values (244, 123);
insert into login (username, pass) values (245, 123);
insert into login (username, pass) values (246, 123);
insert into login (username, pass) values (247, 123);
insert into login (username, pass) values (248, 123);
insert into login (username, pass) values (249, 123);
insert into login (username, pass) values (250, 123);

/*Empleados*/
INSERT INTO employee VALUES('1', 'soph', 'Sede0', 'Administrador', 1234567, '12345678', true);
INSERT INTO employee VALUES('2', 'Jaime', 'Sede0', 'Jefe de Taller', 1234567, '1234567', true);
INSERT INTO employee VALUES('3', 'Emily', 'Sede0', 'Jefe de Taller', 2345678, '2345678', true);
INSERT INTO employee VALUES('4', 'Luis', 'Sede0', 'Vendedor', 3456789, '3456789', true);
INSERT INTO employee VALUES('5', 'Camilo', 'Sede0', 'Vendedor', 4567890, '4567890', true);
INSERT INTO employee VALUES('6', 'Jose', 'Sede0', 'Gerente', 9876543, '9876543', true);
INSERT INTO employee VALUES('7', 'Juan', 'Sede0', 'Gerente', 8765432, '8765432', true);
insert into employee (id, name, branch, charge, salary, phone_number, active) values (8, 'Tabbitha Fishpond', 'Sede0', 'Gerente', 9396255, '748 705 0371', true);
insert into employee (id, name, branch, charge, salary, phone_number, active) values (9, 'Monique Milius', 'Sede0', 'Jefe de Taller', 2074457, '482 176 0772', true);
insert into employee (id, name, branch, charge, salary, phone_number, active) values (10, 'Roz Bohden', 'Sede1', 'Jefe de Taller', 7718768, '523 823 7894', true);
insert into employee (id, name, branch, charge, salary, phone_number, active) values (11, 'Tommie Shills', 'Sede0', 'Gerente', 8538393, '223 964 9823', false);
insert into employee (id, name, branch, charge, salary, phone_number, active) values (12, 'Jenelle Riseley', 'Sede0', 'Gerente', 6334927, '788 689 5518', false);
insert into employee (id, name, branch, charge, salary, phone_number, active) values (13, 'Robby Drable', 'Sede1', 'Gerente', 3237093, '616 628 1377', true);
insert into employee (id, name, branch, charge, salary, phone_number, active) values (14, 'Clo Cocker', 'Sede1', 'Gerente', 8779000, '944 397 0134', true);
insert into employee (id, name, branch, charge, salary, phone_number, active) values (15, 'Mariel Geaney', 'Sede0', 'Jefe de Taller', 2970247, '212 812 1650', true);
insert into employee (id, name, branch, charge, salary, phone_number, active) values (16, 'Samara Maric', 'Sede1', 'Gerente', 6798590, '631 725 3789', true);
insert into employee (id, name, branch, charge, salary, phone_number, active) values (17, 'Rozelle Foukx', 'Sede0', 'Gerente', 2526328, '248 487 8969', false);
insert into employee (id, name, branch, charge, salary, phone_number, active) values (18, 'Halette Camolli', 'Sede1', 'Vendedor', 1795097, '506 546 4130', true);
insert into employee (id, name, branch, charge, salary, phone_number, active) values (19, 'Joly Byron', 'Sede1', 'Jefe de Taller', 8175101, '337 552 5109', false);
insert into employee (id, name, branch, charge, salary, phone_number, active) values (20, 'Editha Iacomettii', 'Sede0', 'Vendedor', 5533924, '871 184 4506', false);
insert into employee (id, name, branch, charge, salary, phone_number, active) values (21, 'Ilaire Workman', 'Sede0', 'Vendedor', 3523239, '120 916 3577', true);
insert into employee (id, name, branch, charge, salary, phone_number, active) values (22, 'Jessee Stawell', 'Sede0', 'Gerente', 4625105, '172 101 2551', false);
insert into employee (id, name, branch, charge, salary, phone_number, active) values (23, 'Ware Durban', 'Sede1', 'Jefe de Taller', 793411, '499 552 9421', false);
insert into employee (id, name, branch, charge, salary, phone_number, active) values (24, 'Bonnibelle Gilliard', 'Sede0', 'Gerente', 4943967, '170 643 6519', false);
insert into employee (id, name, branch, charge, salary, phone_number, active) values (25, 'Mar Linthead', 'Sede1', 'Vendedor', 2691039, '143 525 5866', false);
insert into employee (id, name, branch, charge, salary, phone_number, active) values (26, 'Hermann Purrington', 'Sede1', 'Gerente', 8344284, '802 660 4371', false);
insert into employee (id, name, branch, charge, salary, phone_number, active) values (27, 'Leonanie Blood', 'Sede1', 'Gerente', 3298999, '668 978 7568', true);
insert into employee (id, name, branch, charge, salary, phone_number, active) values (28, 'Vanna Francey', 'Sede0', 'Jefe de Taller', 9208648, '544 423 2782', true);
insert into employee (id, name, branch, charge, salary, phone_number, active) values (29, 'Norman Trimming', 'Sede1', 'Jefe de Taller', 8527868, '595 708 9605', false);
insert into employee (id, name, branch, charge, salary, phone_number, active) values (30, 'Dionysus Grunder', 'Sede0', 'Vendedor', 1689161, '238 543 5842', true);
insert into employee (id, name, branch, charge, salary, phone_number, active) values (31, 'Demetris Tribe', 'Sede0', 'Jefe de Taller', 6874287, '304 991 0441', false);
insert into employee (id, name, branch, charge, salary, phone_number, active) values (32, 'Alec Kitto', 'Sede1', 'Jefe de Taller', 817918, '539 825 6759', true);
insert into employee (id, name, branch, charge, salary, phone_number, active) values (33, 'Jerrine Duffett', 'Sede0', 'Jefe de Taller', 5641796, '485 508 1074', false);
insert into employee (id, name, branch, charge, salary, phone_number, active) values (34, 'Arte Tutt', 'Sede0', 'Gerente', 4087051, '649 801 8333', true);
insert into employee (id, name, branch, charge, salary, phone_number, active) values (35, 'Gardiner Splevin', 'Sede1', 'Vendedor', 2123866, '816 512 6814', false);
insert into employee (id, name, branch, charge, salary, phone_number, active) values (36, 'Irving Rebbeck', 'Sede0', 'Jefe de Taller', 7625256, '795 283 4392', false);
insert into employee (id, name, branch, charge, salary, phone_number, active) values (37, 'Philip Pisculli', 'Sede0', 'Jefe de Taller', 6385278, '392 122 0374', true);
insert into employee (id, name, branch, charge, salary, phone_number, active) values (38, 'Chaunce Lobley', 'Sede0', 'Gerente', 2816390, '276 236 3672', false);
insert into employee (id, name, branch, charge, salary, phone_number, active) values (39, 'Jamal Alvey', 'Sede1', 'Jefe de Taller', 6097972, '337 469 6113', false);
insert into employee (id, name, branch, charge, salary, phone_number, active) values (40, 'Antonin Kesteven', 'Sede1', 'Jefe de Taller', 842072, '657 368 5158', true);
insert into employee (id, name, branch, charge, salary, phone_number, active) values (41, 'Ladonna Helks', 'Sede1', 'Jefe de Taller', 6227048, '529 163 5544', false);
insert into employee (id, name, branch, charge, salary, phone_number, active) values (42, 'Kettie Evison', 'Sede0', 'Vendedor', 4343591, '619 582 6825', false);
insert into employee (id, name, branch, charge, salary, phone_number, active) values (43, 'Morey Aslott', 'Sede0', 'Vendedor', 5791654, '821 159 6159', true);
insert into employee (id, name, branch, charge, salary, phone_number, active) values (44, 'Garald Valenta', 'Sede0', 'Gerente', 8624771, '653 266 0258', true);
insert into employee (id, name, branch, charge, salary, phone_number, active) values (45, 'Arielle Simonnot', 'Sede1', 'Jefe de Taller', 6081687, '203 973 4845', true);
insert into employee (id, name, branch, charge, salary, phone_number, active) values (46, 'Dorine Arnholz', 'Sede0', 'Vendedor', 8833234, '212 124 2436', false);
insert into employee (id, name, branch, charge, salary, phone_number, active) values (47, 'Aymer Waghorn', 'Sede1', 'Vendedor', 7671856, '375 743 7397', true);
insert into employee (id, name, branch, charge, salary, phone_number, active) values (48, 'Marrilee Rizzi', 'Sede0', 'Jefe de Taller', 2608239, '482 978 9574', true);
insert into employee (id, name, branch, charge, salary, phone_number, active) values (49, 'Eustacia Machel', 'Sede1', 'Jefe de Taller', 8412148, '728 769 4084', false);
insert into employee (id, name, branch, charge, salary, phone_number, active) values (50, 'Pammy Coleford', 'Sede1', 'Gerente', 9417711, '736 687 2878', false);
insert into employee (id, name, branch, charge, salary, phone_number, active) values (51, 'Darrick Dybell', 'Sede1', 'Jefe de Taller', 1792976, '676 850 1829', true);
insert into employee (id, name, branch, charge, salary, phone_number, active) values (52, 'Quintilla Drife', 'Sede1', 'Vendedor', 2688192, '248 734 9201', true);
insert into employee (id, name, branch, charge, salary, phone_number, active) values (53, 'Ofilia Brumby', 'Sede1', 'Gerente', 1802761, '737 238 7539', true);
insert into employee (id, name, branch, charge, salary, phone_number, active) values (54, 'Kirbie Mannock', 'Sede1', 'Vendedor', 790100, '846 472 5826', false);
insert into employee (id, name, branch, charge, salary, phone_number, active) values (55, 'Eugenie Malin', 'Sede1', 'Vendedor', 7373336, '370 768 7765', true);
insert into employee (id, name, branch, charge, salary, phone_number, active) values (56, 'Rafaela Hebburn', 'Sede1', 'Vendedor', 736662, '972 878 0626', false);
insert into employee (id, name, branch, charge, salary, phone_number, active) values (57, 'Natalina Dockree', 'Sede1', 'Vendedor', 6418706, '394 295 3565', true);
insert into employee (id, name, branch, charge, salary, phone_number, active) values (58, 'Rena Cherry', 'Sede1', 'Vendedor', 2400310, '907 518 6252', false);
insert into employee (id, name, branch, charge, salary, phone_number, active) values (59, 'Ronny Aldhouse', 'Sede1', 'Jefe de Taller', 4485978, '688 979 0585', true);
insert into employee (id, name, branch, charge, salary, phone_number, active) values (60, 'Giorgia Moughton', 'Sede1', 'Jefe de Taller', 2348833, '481 667 0549', true);
insert into employee (id, name, branch, charge, salary, phone_number, active) values (61, 'Nat Ricciardi', 'Sede1', 'Gerente', 8405756, '430 116 5154', false);
insert into employee (id, name, branch, charge, salary, phone_number, active) values (62, 'Christie Litchfield', 'Sede0', 'Gerente', 9009364, '620 137 3798', false);
insert into employee (id, name, branch, charge, salary, phone_number, active) values (63, 'Clayborne Fearnehoug', 'Sede1', 'Vendedor', 5724943, '837 714 6218', true);
insert into employee (id, name, branch, charge, salary, phone_number, active) values (64, 'Marilee Wemes', 'Sede0', 'Vendedor', 5245372, '628 923 0180', false);
insert into employee (id, name, branch, charge, salary, phone_number, active) values (65, 'Tammie Santello', 'Sede0', 'Vendedor', 859867, '726 530 5465', false);
insert into employee (id, name, branch, charge, salary, phone_number, active) values (66, 'Lemuel Urey', 'Sede0', 'Vendedor', 840846, '371 976 7151', false);
insert into employee (id, name, branch, charge, salary, phone_number, active) values (67, 'Fielding Brinsden', 'Sede0', 'Jefe de Taller', 4211911, '467 162 1426', false);
insert into employee (id, name, branch, charge, salary, phone_number, active) values (68, 'Pierce Bravey', 'Sede1', 'Vendedor', 4476033, '595 851 8813', true);
insert into employee (id, name, branch, charge, salary, phone_number, active) values (69, 'Luis Malbon', 'Sede0', 'Gerente', 2229835, '703 448 4844', true);
insert into employee (id, name, branch, charge, salary, phone_number, active) values (70, 'Carol Gunner', 'Sede0', 'Vendedor', 9317511, '585 939 1596', false);
insert into employee (id, name, branch, charge, salary, phone_number, active) values (71, 'Earlie Paulillo', 'Sede1', 'Gerente', 6400310, '975 692 3524', false);
insert into employee (id, name, branch, charge, salary, phone_number, active) values (72, 'Helena Syvret', 'Sede0', 'Jefe de Taller', 8223101, '174 677 3475', false);
insert into employee (id, name, branch, charge, salary, phone_number, active) values (73, 'Manya Izhakov', 'Sede1', 'Gerente', 2198895, '534 215 1628', false);
insert into employee (id, name, branch, charge, salary, phone_number, active) values (74, 'Frasquito Mulliss', 'Sede1', 'Gerente', 8553993, '975 740 6367', false);
insert into employee (id, name, branch, charge, salary, phone_number, active) values (75, 'Matthus McCreadie', 'Sede1', 'Gerente', 1292453, '404 161 9350', true);
insert into employee (id, name, branch, charge, salary, phone_number, active) values (76, 'Krystyna Tomson', 'Sede1', 'Gerente', 8592461, '725 191 8456', false);
insert into employee (id, name, branch, charge, salary, phone_number, active) values (77, 'Van Huncote', 'Sede1', 'Jefe de Taller', 9879206, '328 100 4138', true);
insert into employee (id, name, branch, charge, salary, phone_number, active) values (78, 'Washington Skehan', 'Sede0', 'Gerente', 1900933, '998 327 1122', true);
insert into employee (id, name, branch, charge, salary, phone_number, active) values (79, 'Felic Dispencer', 'Sede1', 'Jefe de Taller', 7216038, '434 557 9512', true);
insert into employee (id, name, branch, charge, salary, phone_number, active) values (80, 'Valentina Deeman', 'Sede1', 'Gerente', 6329790, '307 670 9182', true);
insert into employee (id, name, branch, charge, salary, phone_number, active) values (81, 'Erwin Dummett', 'Sede0', 'Jefe de Taller', 8698244, '770 120 1185', true);
insert into employee (id, name, branch, charge, salary, phone_number, active) values (82, 'Ollie Showte', 'Sede0', 'Vendedor', 8090285, '681 439 3050', false);
insert into employee (id, name, branch, charge, salary, phone_number, active) values (83, 'Jarrett Lander', 'Sede1', 'Vendedor', 6084312, '510 388 7148', true);
insert into employee (id, name, branch, charge, salary, phone_number, active) values (84, 'Josselyn Blaydon', 'Sede0', 'Jefe de Taller', 4133852, '981 962 7493', false);
insert into employee (id, name, branch, charge, salary, phone_number, active) values (85, 'Shanan Hedger', 'Sede0', 'Jefe de Taller', 2680761, '516 606 2705', false);
insert into employee (id, name, branch, charge, salary, phone_number, active) values (86, 'Stearne Inderwick', 'Sede0', 'Jefe de Taller', 2618371, '706 475 1948', false);
insert into employee (id, name, branch, charge, salary, phone_number, active) values (87, 'Remington Feldmus', 'Sede1', 'Gerente', 1027835, '660 665 8399', true);
insert into employee (id, name, branch, charge, salary, phone_number, active) values (88, 'Ronni Doale', 'Sede0', 'Vendedor', 2821821, '375 514 2212', false);
insert into employee (id, name, branch, charge, salary, phone_number, active) values (89, 'Isabel Strute', 'Sede0', 'Gerente', 7434415, '554 173 4526', false);
insert into employee (id, name, branch, charge, salary, phone_number, active) values (90, 'Bil Metzke', 'Sede1', 'Jefe de Taller', 7804715, '956 241 6859', true);
insert into employee (id, name, branch, charge, salary, phone_number, active) values (91, 'Melly Klarzynski', 'Sede1', 'Gerente', 7657187, '468 916 7381', false);
insert into employee (id, name, branch, charge, salary, phone_number, active) values (92, 'Ingmar Finlaison', 'Sede0', 'Jefe de Taller', 3969842, '139 478 4592', true);
insert into employee (id, name, branch, charge, salary, phone_number, active) values (93, 'Loralie Daubney', 'Sede1', 'Vendedor', 7705353, '591 597 8144', true);
insert into employee (id, name, branch, charge, salary, phone_number, active) values (94, 'Barb Cagan', 'Sede1', 'Gerente', 7889792, '585 500 9301', true);
insert into employee (id, name, branch, charge, salary, phone_number, active) values (95, 'Vergil Mogey', 'Sede0', 'Jefe de Taller', 7284642, '518 142 0243', true);
insert into employee (id, name, branch, charge, salary, phone_number, active) values (96, 'Cookie Matitiaho', 'Sede1', 'Jefe de Taller', 5582935, '272 800 9607', true);
insert into employee (id, name, branch, charge, salary, phone_number, active) values (97, 'Diane-marie Strute', 'Sede0', 'Jefe de Taller', 7026076, '507 364 1757', true);
insert into employee (id, name, branch, charge, salary, phone_number, active) values (98, 'Iggy Dowker', 'Sede1', 'Jefe de Taller', 1116956, '760 968 9197', false);
insert into employee (id, name, branch, charge, salary, phone_number, active) values (99, 'Karrah Brakewell', 'Sede1', 'Gerente', 6927797, '642 513 3087', true);
insert into employee (id, name, branch, charge, salary, phone_number, active) values (100, 'Tonie Thacke', 'Sede0', 'Jefe de Taller', 4929269, '778 887 2584', false);
insert into employee (id, name, branch, charge, salary, phone_number, active) values (101, 'Kristine Stapleton', 'Sede1', 'Jefe de Taller', 4512876, '946 959 9960', true);
insert into employee (id, name, branch, charge, salary, phone_number, active) values (102, 'Beckie Coorington', 'Sede0', 'Vendedor', 9306281, '625 496 4403', true);
insert into employee (id, name, branch, charge, salary, phone_number, active) values (103, 'Mady Sandal', 'Sede1', 'Gerente', 856105, '283 265 2801', false);
insert into employee (id, name, branch, charge, salary, phone_number, active) values (104, 'Melisenda Keslake', 'Sede0', 'Jefe de Taller', 1280288, '557 975 6073', false);
insert into employee (id, name, branch, charge, salary, phone_number, active) values (105, 'Alayne Benaine', 'Sede1', 'Jefe de Taller', 9595420, '409 558 4449', false);
insert into employee (id, name, branch, charge, salary, phone_number, active) values (106, 'Eddie Scoggin', 'Sede0', 'Vendedor', 933186, '130 414 2308', false);
insert into employee (id, name, branch, charge, salary, phone_number, active) values (107, 'Erina Lumbers', 'Sede0', 'Jefe de Taller', 4665377, '565 969 6342', true);
insert into employee (id, name, branch, charge, salary, phone_number, active) values (108, 'Emelina Giannasi', 'Sede0', 'Gerente', 1626148, '828 101 8381', false);
insert into employee (id, name, branch, charge, salary, phone_number, active) values (109, 'Grissel Warn', 'Sede1', 'Gerente', 9705801, '437 644 6722', false);
insert into employee (id, name, branch, charge, salary, phone_number, active) values (110, 'Marchall Bosman', 'Sede1', 'Gerente', 5327586, '523 773 8254', false);
insert into employee (id, name, branch, charge, salary, phone_number, active) values (111, 'Lesli Shulem', 'Sede0', 'Gerente', 1899704, '613 915 8961', true);
insert into employee (id, name, branch, charge, salary, phone_number, active) values (112, 'Rozalin Sweetnam', 'Sede0', 'Jefe de Taller', 3157925, '594 441 0093', true);
insert into employee (id, name, branch, charge, salary, phone_number, active) values (113, 'Warden Ragles', 'Sede0', 'Vendedor', 3535273, '181 219 6168', false);
insert into employee (id, name, branch, charge, salary, phone_number, active) values (114, 'Ariella Longmore', 'Sede0', 'Jefe de Taller', 1475720, '449 979 7871', true);
insert into employee (id, name, branch, charge, salary, phone_number, active) values (115, 'Jannelle Copcote', 'Sede1', 'Jefe de Taller', 2349279, '894 116 1446', true);
insert into employee (id, name, branch, charge, salary, phone_number, active) values (116, 'Biddie Lammerts', 'Sede1', 'Jefe de Taller', 6058795, '962 300 5823', true);
insert into employee (id, name, branch, charge, salary, phone_number, active) values (117, 'Galven Edwardson', 'Sede1', 'Jefe de Taller', 7804500, '932 396 2945', true);
insert into employee (id, name, branch, charge, salary, phone_number, active) values (118, 'Godfrey Lambe', 'Sede0', 'Gerente', 4785809, '249 144 2126', false);
insert into employee (id, name, branch, charge, salary, phone_number, active) values (119, 'Myles McCrossan', 'Sede0', 'Gerente', 4822914, '207 534 9833', false);
insert into employee (id, name, branch, charge, salary, phone_number, active) values (120, 'Wendie Flannigan', 'Sede1', 'Jefe de Taller', 4471748, '982 123 9160', false);
insert into employee (id, name, branch, charge, salary, phone_number, active) values (121, 'Abbey Penner', 'Sede0', 'Vendedor', 1329024, '951 691 4855', true);
insert into employee (id, name, branch, charge, salary, phone_number, active) values (122, 'Ardyce Lages', 'Sede1', 'Gerente', 1067996, '270 397 6931', false);
insert into employee (id, name, branch, charge, salary, phone_number, active) values (123, 'Annis Trebilcock', 'Sede0', 'Gerente', 5867920, '160 937 2194', true);
insert into employee (id, name, branch, charge, salary, phone_number, active) values (124, 'Lu O'' Cloney', 'Sede1', 'Vendedor', 7275094, '707 123 3100', false);
insert into employee (id, name, branch, charge, salary, phone_number, active) values (125, 'Zeke Jeens', 'Sede1', 'Vendedor', 7110216, '610 702 7121', false);
insert into employee (id, name, branch, charge, salary, phone_number, active) values (126, 'Torre Elcoux', 'Sede1', 'Jefe de Taller', 4399841, '660 984 3545', false);
insert into employee (id, name, branch, charge, salary, phone_number, active) values (127, 'Terrence Fabri', 'Sede0', 'Vendedor', 3839631, '690 936 8702', false);
insert into employee (id, name, branch, charge, salary, phone_number, active) values (128, 'Rubetta Biever', 'Sede0', 'Gerente', 8801299, '895 873 4816', false);
insert into employee (id, name, branch, charge, salary, phone_number, active) values (129, 'Mitch Espinazo', 'Sede1', 'Jefe de Taller', 9668202, '597 313 0722', true);
insert into employee (id, name, branch, charge, salary, phone_number, active) values (130, 'Riley Whaites', 'Sede1', 'Vendedor', 2015224, '369 320 7880', false);
insert into employee (id, name, branch, charge, salary, phone_number, active) values (131, 'Freeman Trass', 'Sede0', 'Jefe de Taller', 752054, '643 200 6664', true);
insert into employee (id, name, branch, charge, salary, phone_number, active) values (132, 'Cairistiona Cattle', 'Sede0', 'Vendedor', 8895411, '479 297 3932', false);
insert into employee (id, name, branch, charge, salary, phone_number, active) values (133, 'Claiborn Syder', 'Sede0', 'Jefe de Taller', 9865840, '293 679 7691', false);
insert into employee (id, name, branch, charge, salary, phone_number, active) values (134, 'Orlando Cumesky', 'Sede0', 'Jefe de Taller', 4880929, '479 579 3011', false);
insert into employee (id, name, branch, charge, salary, phone_number, active) values (135, 'Addie Gowing', 'Sede1', 'Gerente', 8700269, '325 934 2465', true);
insert into employee (id, name, branch, charge, salary, phone_number, active) values (136, 'Alistair Eilles', 'Sede0', 'Gerente', 1233183, '958 649 2487', false);
insert into employee (id, name, branch, charge, salary, phone_number, active) values (137, 'Weston Sexton', 'Sede1', 'Gerente', 4232283, '996 547 0060', true);
insert into employee (id, name, branch, charge, salary, phone_number, active) values (138, 'Glynis Dey', 'Sede1', 'Vendedor', 7048530, '459 156 9768', false);
insert into employee (id, name, branch, charge, salary, phone_number, active) values (139, 'Noell Coddington', 'Sede0', 'Jefe de Taller', 1659380, '573 934 9887', true);
insert into employee (id, name, branch, charge, salary, phone_number, active) values (140, 'Cyndi Cattermull', 'Sede0', 'Gerente', 8120808, '139 360 9861', true);
insert into employee (id, name, branch, charge, salary, phone_number, active) values (141, 'Dionis Burbury', 'Sede0', 'Gerente', 1691152, '594 794 0741', true);
insert into employee (id, name, branch, charge, salary, phone_number, active) values (142, 'Betteann Gunda', 'Sede0', 'Vendedor', 9247441, '238 107 9331', false);
insert into employee (id, name, branch, charge, salary, phone_number, active) values (143, 'Ernest Halstead', 'Sede1', 'Gerente', 1159114, '877 979 4052', true);
insert into employee (id, name, branch, charge, salary, phone_number, active) values (144, 'Mickie Dax', 'Sede0', 'Vendedor', 3886335, '628 378 0097', true);
insert into employee (id, name, branch, charge, salary, phone_number, active) values (145, 'Evvie Jeacock', 'Sede1', 'Gerente', 958476, '274 607 2063', false);
insert into employee (id, name, branch, charge, salary, phone_number, active) values (146, 'Tynan Dod', 'Sede1', 'Jefe de Taller', 9705385, '994 866 8064', false);
insert into employee (id, name, branch, charge, salary, phone_number, active) values (147, 'Hersch Benitez', 'Sede0', 'Gerente', 5289204, '573 600 4052', true);
insert into employee (id, name, branch, charge, salary, phone_number, active) values (148, 'King Febvre', 'Sede0', 'Jefe de Taller', 2905015, '785 532 7660', false);
insert into employee (id, name, branch, charge, salary, phone_number, active) values (149, 'Russell Cudworth', 'Sede0', 'Jefe de Taller', 9413089, '450 556 5314', false);
insert into employee (id, name, branch, charge, salary, phone_number, active) values (150, 'Odessa McKmurrie', 'Sede1', 'Jefe de Taller', 4006630, '672 204 7844', true);
insert into employee (id, name, branch, charge, salary, phone_number, active) values (151, 'Charmian Drayton', 'Sede0', 'Jefe de Taller', 6272136, '850 352 3732', false);
insert into employee (id, name, branch, charge, salary, phone_number, active) values (152, 'Marlane Bedell', 'Sede1', 'Vendedor', 1722722, '229 330 3232', false);
insert into employee (id, name, branch, charge, salary, phone_number, active) values (153, 'Rossy Coopman', 'Sede1', 'Jefe de Taller', 4362795, '956 468 8934', true);
insert into employee (id, name, branch, charge, salary, phone_number, active) values (154, 'Tony Sivewright', 'Sede0', 'Gerente', 9462923, '598 405 1049', true);
insert into employee (id, name, branch, charge, salary, phone_number, active) values (155, 'Peadar Gyppes', 'Sede0', 'Jefe de Taller', 2812811, '207 866 2388', true);
insert into employee (id, name, branch, charge, salary, phone_number, active) values (156, 'Anette Gollard', 'Sede0', 'Gerente', 8953527, '231 184 4910', false);
insert into employee (id, name, branch, charge, salary, phone_number, active) values (157, 'Valma Smart', 'Sede1', 'Jefe de Taller', 9590467, '813 164 2388', false);
insert into employee (id, name, branch, charge, salary, phone_number, active) values (158, 'Nikola O''Crotty', 'Sede0', 'Vendedor', 2839835, '352 348 8356', true);
insert into employee (id, name, branch, charge, salary, phone_number, active) values (159, 'Garner Garmey', 'Sede0', 'Gerente', 7796233, '793 585 0669', true);
insert into employee (id, name, branch, charge, salary, phone_number, active) values (160, 'Flor Pitceathly', 'Sede0', 'Jefe de Taller', 8958985, '399 265 2736', true);
insert into employee (id, name, branch, charge, salary, phone_number, active) values (161, 'Jacklin Tuckett', 'Sede0', 'Vendedor', 1417973, '800 227 1637', true);
insert into employee (id, name, branch, charge, salary, phone_number, active) values (162, 'Jeanna Muttitt', 'Sede0', 'Vendedor', 8964124, '992 444 5844', true);
insert into employee (id, name, branch, charge, salary, phone_number, active) values (163, 'Enrique Chetham', 'Sede1', 'Gerente', 779057, '549 870 0355', false);
insert into employee (id, name, branch, charge, salary, phone_number, active) values (164, 'Moritz Carnson', 'Sede1', 'Vendedor', 2169251, '450 938 6768', false);
insert into employee (id, name, branch, charge, salary, phone_number, active) values (165, 'Tracie Newberry', 'Sede1', 'Vendedor', 6967440, '719 442 3010', true);
insert into employee (id, name, branch, charge, salary, phone_number, active) values (166, 'Toby Rapp', 'Sede0', 'Vendedor', 6117639, '710 706 1716', true);
insert into employee (id, name, branch, charge, salary, phone_number, active) values (167, 'Emili Minshaw', 'Sede0', 'Gerente', 3003730, '670 490 2391', false);
insert into employee (id, name, branch, charge, salary, phone_number, active) values (168, 'Arney Gilburt', 'Sede0', 'Vendedor', 6308439, '455 715 3876', false);
insert into employee (id, name, branch, charge, salary, phone_number, active) values (169, 'Norry Smyley', 'Sede0', 'Vendedor', 8072792, '874 867 2657', true);
insert into employee (id, name, branch, charge, salary, phone_number, active) values (170, 'Honoria Merredy', 'Sede0', 'Jefe de Taller', 6754977, '410 740 8014', true);
insert into employee (id, name, branch, charge, salary, phone_number, active) values (171, 'Bill Kerwin', 'Sede0', 'Vendedor', 3410584, '592 897 6050', true);
insert into employee (id, name, branch, charge, salary, phone_number, active) values (172, 'Bobbee Krop', 'Sede1', 'Jefe de Taller', 2888225, '693 388 7452', true);
insert into employee (id, name, branch, charge, salary, phone_number, active) values (173, 'Jacklyn Peerless', 'Sede1', 'Gerente', 2448684, '572 586 4172', true);
insert into employee (id, name, branch, charge, salary, phone_number, active) values (174, 'Russ Hacon', 'Sede0', 'Gerente', 3237569, '605 623 7408', false);
insert into employee (id, name, branch, charge, salary, phone_number, active) values (175, 'Patrizio Pickvance', 'Sede1', 'Jefe de Taller', 6892809, '343 417 7141', false);
insert into employee (id, name, branch, charge, salary, phone_number, active) values (176, 'Ashley Rummer', 'Sede1', 'Jefe de Taller', 1083994, '686 574 9875', false);
insert into employee (id, name, branch, charge, salary, phone_number, active) values (177, 'Neils Mateus', 'Sede1', 'Gerente', 8333604, '995 250 3044', false);
insert into employee (id, name, branch, charge, salary, phone_number, active) values (178, 'Hadrian Cuseck', 'Sede1', 'Gerente', 7697435, '938 840 3783', true);
insert into employee (id, name, branch, charge, salary, phone_number, active) values (179, 'Cindi Pettingall', 'Sede1', 'Gerente', 913353, '342 252 5056', false);
insert into employee (id, name, branch, charge, salary, phone_number, active) values (180, 'Devinne Neggrini', 'Sede1', 'Vendedor', 5772253, '274 290 3298', true);
insert into employee (id, name, branch, charge, salary, phone_number, active) values (181, 'Murial Warbrick', 'Sede0', 'Gerente', 4366703, '311 690 3141', false);
insert into employee (id, name, branch, charge, salary, phone_number, active) values (182, 'Herve Phorsby', 'Sede1', 'Vendedor', 7118895, '583 531 4242', false);
insert into employee (id, name, branch, charge, salary, phone_number, active) values (183, 'Fields Ohm', 'Sede0', 'Jefe de Taller', 4317314, '242 900 7566', true);
insert into employee (id, name, branch, charge, salary, phone_number, active) values (184, 'Polly McGrey', 'Sede0', 'Jefe de Taller', 9549167, '753 131 6478', false);
insert into employee (id, name, branch, charge, salary, phone_number, active) values (185, 'Humfrid Thaxter', 'Sede1', 'Jefe de Taller', 3369684, '155 151 2338', false);
insert into employee (id, name, branch, charge, salary, phone_number, active) values (186, 'Rodrick Arkill', 'Sede0', 'Jefe de Taller', 3987155, '290 804 1446', true);
insert into employee (id, name, branch, charge, salary, phone_number, active) values (187, 'Sapphire Colliar', 'Sede1', 'Jefe de Taller', 9808284, '139 764 5519', false);
insert into employee (id, name, branch, charge, salary, phone_number, active) values (188, 'Boote Pengilley', 'Sede0', 'Gerente', 3077832, '583 211 0032', false);
insert into employee (id, name, branch, charge, salary, phone_number, active) values (189, 'Korrie Slocombe', 'Sede1', 'Jefe de Taller', 6447804, '449 764 1322', false);
insert into employee (id, name, branch, charge, salary, phone_number, active) values (190, 'Reggi Island', 'Sede0', 'Jefe de Taller', 2807573, '485 891 9023', true);
insert into employee (id, name, branch, charge, salary, phone_number, active) values (191, 'Emanuele Zorzini', 'Sede0', 'Vendedor', 3618833, '270 737 4823', false);
insert into employee (id, name, branch, charge, salary, phone_number, active) values (192, 'Aubry Humbie', 'Sede1', 'Vendedor', 2576077, '321 286 4401', true);
insert into employee (id, name, branch, charge, salary, phone_number, active) values (193, 'Donal Goranov', 'Sede1', 'Jefe de Taller', 1194150, '883 762 1597', true);
insert into employee (id, name, branch, charge, salary, phone_number, active) values (194, 'Rosanne Baumer', 'Sede0', 'Gerente', 7862834, '915 133 6346', true);
insert into employee (id, name, branch, charge, salary, phone_number, active) values (195, 'Jud Carnall', 'Sede1', 'Vendedor', 2657142, '992 884 1853', true);
insert into employee (id, name, branch, charge, salary, phone_number, active) values (196, 'Vassili Chree', 'Sede0', 'Gerente', 3848598, '554 719 4133', false);
insert into employee (id, name, branch, charge, salary, phone_number, active) values (197, 'Jenine Everix', 'Sede1', 'Gerente', 3257338, '576 297 0106', true);
insert into employee (id, name, branch, charge, salary, phone_number, active) values (198, 'Nevil Burrett', 'Sede0', 'Vendedor', 2625406, '945 897 3971', true);
insert into employee (id, name, branch, charge, salary, phone_number, active) values (199, 'Vivia Gurton', 'Sede1', 'Jefe de Taller', 8418397, '660 615 6030', false);
insert into employee (id, name, branch, charge, salary, phone_number, active) values (200, 'Ermanno Melross', 'Sede1', 'Gerente', 7550409, '696 816 6464', true);
insert into employee (id, name, branch, charge, salary, phone_number, active) values (201, 'Algernon Trethowan', 'Sede1', 'Gerente', 2572433, '759 675 3666', true);
insert into employee (id, name, branch, charge, salary, phone_number, active) values (202, 'Boy Grange', 'Sede1', 'Gerente', 4470211, '839 284 1059', true);
insert into employee (id, name, branch, charge, salary, phone_number, active) values (203, 'Tyler Sullivan', 'Sede1', 'Vendedor', 771199, '769 344 7967', false);
insert into employee (id, name, branch, charge, salary, phone_number, active) values (204, 'Alys Mulhall', 'Sede1', 'Jefe de Taller', 9050233, '241 279 8388', false);
insert into employee (id, name, branch, charge, salary, phone_number, active) values (205, 'Urson Mercy', 'Sede1', 'Vendedor', 4698616, '899 118 8077', true);
insert into employee (id, name, branch, charge, salary, phone_number, active) values (206, 'Anica Lomax', 'Sede0', 'Gerente', 6777736, '441 393 4335', false);
insert into employee (id, name, branch, charge, salary, phone_number, active) values (207, 'Cassandry Daventry', 'Sede0', 'Jefe de Taller', 7013094, '417 692 8651', false);
insert into employee (id, name, branch, charge, salary, phone_number, active) values (208, 'Mari Abden', 'Sede1', 'Jefe de Taller', 9815286, '576 681 9877', true);
insert into employee (id, name, branch, charge, salary, phone_number, active) values (209, 'Benjie McCroft', 'Sede0', 'Vendedor', 6168500, '587 275 6125', true);
insert into employee (id, name, branch, charge, salary, phone_number, active) values (210, 'Welby Nattriss', 'Sede1', 'Jefe de Taller', 2953176, '448 607 3270', true);
insert into employee (id, name, branch, charge, salary, phone_number, active) values (211, 'Zenia Trippack', 'Sede0', 'Jefe de Taller', 1296135, '595 919 6670', false);
insert into employee (id, name, branch, charge, salary, phone_number, active) values (212, 'Grete Ilyinykh', 'Sede0', 'Gerente', 8358662, '106 770 2762', true);
insert into employee (id, name, branch, charge, salary, phone_number, active) values (213, 'Elisa Gounard', 'Sede0', 'Gerente', 8691442, '842 441 8434', true);
insert into employee (id, name, branch, charge, salary, phone_number, active) values (214, 'Cristen Aronowitz', 'Sede0', 'Gerente', 4412313, '289 101 5252', false);
insert into employee (id, name, branch, charge, salary, phone_number, active) values (215, 'Cob Mulholland', 'Sede1', 'Jefe de Taller', 2898683, '542 965 0753', true);
insert into employee (id, name, branch, charge, salary, phone_number, active) values (216, 'Mercedes Fantini', 'Sede0', 'Gerente', 7086881, '630 269 7131', true);
insert into employee (id, name, branch, charge, salary, phone_number, active) values (217, 'Yolande Gredden', 'Sede1', 'Gerente', 7760147, '971 711 4728', true);
insert into employee (id, name, branch, charge, salary, phone_number, active) values (218, 'Karoline Ellwell', 'Sede1', 'Gerente', 4851856, '697 792 1385', true);
insert into employee (id, name, branch, charge, salary, phone_number, active) values (219, 'Tamera Lydiard', 'Sede0', 'Jefe de Taller', 4280095, '397 135 3218', false);
insert into employee (id, name, branch, charge, salary, phone_number, active) values (220, 'Hakim Kew', 'Sede0', 'Gerente', 8268495, '800 578 3117', true);
insert into employee (id, name, branch, charge, salary, phone_number, active) values (221, 'Maegan Svanetti', 'Sede1', 'Vendedor', 7703281, '273 930 8589', true);
insert into employee (id, name, branch, charge, salary, phone_number, active) values (222, 'Adena Cayle', 'Sede1', 'Vendedor', 6977405, '340 905 9937', true);
insert into employee (id, name, branch, charge, salary, phone_number, active) values (223, 'Halimeda Justham', 'Sede0', 'Vendedor', 4169794, '675 482 2993', false);
insert into employee (id, name, branch, charge, salary, phone_number, active) values (224, 'Sandy Massard', 'Sede1', 'Jefe de Taller', 3019075, '705 651 5189', false);
insert into employee (id, name, branch, charge, salary, phone_number, active) values (225, 'Margeaux Brader', 'Sede0', 'Vendedor', 8033202, '743 878 5909', true);
insert into employee (id, name, branch, charge, salary, phone_number, active) values (226, 'Jon Vinnicombe', 'Sede1', 'Vendedor', 3590315, '182 862 8924', false);
insert into employee (id, name, branch, charge, salary, phone_number, active) values (227, 'Pietra Mitkcov', 'Sede0', 'Gerente', 7576305, '802 711 1511', false);
insert into employee (id, name, branch, charge, salary, phone_number, active) values (228, 'Turner Ducarel', 'Sede0', 'Jefe de Taller', 957146, '810 820 8413', false);
insert into employee (id, name, branch, charge, salary, phone_number, active) values (229, 'Shauna Kobisch', 'Sede0', 'Gerente', 3587633, '196 992 5941', true);
insert into employee (id, name, branch, charge, salary, phone_number, active) values (230, 'Fredek Surpliss', 'Sede0', 'Jefe de Taller', 4514211, '848 176 0672', true);
insert into employee (id, name, branch, charge, salary, phone_number, active) values (231, 'Kristoffer Dalman', 'Sede1', 'Gerente', 3340549, '238 664 7232', true);
insert into employee (id, name, branch, charge, salary, phone_number, active) values (232, 'Charla Realy', 'Sede1', 'Vendedor', 2841577, '762 190 6177', false);
insert into employee (id, name, branch, charge, salary, phone_number, active) values (233, 'Cammy Oliva', 'Sede0', 'Vendedor', 2302953, '903 764 0010', true);
insert into employee (id, name, branch, charge, salary, phone_number, active) values (234, 'Garald Pavier', 'Sede0', 'Vendedor', 6198952, '427 574 3266', false);
insert into employee (id, name, branch, charge, salary, phone_number, active) values (235, 'Peadar Everix', 'Sede1', 'Jefe de Taller', 3111418, '847 828 8190', true);
insert into employee (id, name, branch, charge, salary, phone_number, active) values (236, 'Bryn Yepiskopov', 'Sede1', 'Jefe de Taller', 3667605, '767 280 6924', false);
insert into employee (id, name, branch, charge, salary, phone_number, active) values (237, 'Wendie Blancowe', 'Sede1', 'Vendedor', 3969586, '773 839 1785', false);
insert into employee (id, name, branch, charge, salary, phone_number, active) values (238, 'Benedetto Chorley', 'Sede1', 'Gerente', 3618333, '113 429 0000', false);
insert into employee (id, name, branch, charge, salary, phone_number, active) values (239, 'Lynsey Kidds', 'Sede1', 'Jefe de Taller', 8408939, '561 494 5394', true);
insert into employee (id, name, branch, charge, salary, phone_number, active) values (240, 'Stefanie Walbrook', 'Sede1', 'Gerente', 2341715, '944 476 7147', false);
insert into employee (id, name, branch, charge, salary, phone_number, active) values (241, 'Brianna Chaffe', 'Sede0', 'Jefe de Taller', 3904014, '545 647 9696', false);
insert into employee (id, name, branch, charge, salary, phone_number, active) values (242, 'Natal Severns', 'Sede1', 'Jefe de Taller', 2141697, '831 822 7526', true);
insert into employee (id, name, branch, charge, salary, phone_number, active) values (243, 'Gaby Tather', 'Sede1', 'Vendedor', 5355027, '197 433 0600', true);
insert into employee (id, name, branch, charge, salary, phone_number, active) values (244, 'Boris Fairrie', 'Sede0', 'Gerente', 1494772, '381 460 3358', true);
insert into employee (id, name, branch, charge, salary, phone_number, active) values (245, 'Georgine Shingfield', 'Sede0', 'Jefe de Taller', 7748041, '723 317 3293', true);
insert into employee (id, name, branch, charge, salary, phone_number, active) values (246, 'Sande Paterson', 'Sede1', 'Jefe de Taller', 7902583, '878 313 9092', true);
insert into employee (id, name, branch, charge, salary, phone_number, active) values (247, 'Alaster Brobeck', 'Sede1', 'Gerente', 8583285, '892 623 6913', false);
insert into employee (id, name, branch, charge, salary, phone_number, active) values (248, 'Aveline Hovie', 'Sede1', 'Vendedor', 2965192, '327 127 4276', false);
insert into employee (id, name, branch, charge, salary, phone_number, active) values (249, 'Hazel Parken', 'Sede0', 'Vendedor', 1776343, '576 962 6549', false);
insert into employee (id, name, branch, charge, salary, phone_number, active) values (250, 'Joycelin Ledgard', 'Sede0', 'Vendedor', 2469144, '184 530 9947', true);

/*Ventas between 2019-01-01 and 2019-05-03 */
insert into sale (sale_id, branch, employee, date) values (1, 'Sede0', 18, '2019-02-02');
insert into sale (sale_id, branch, employee, date) values (2, 'Sede1', 249, '2019-04-10');
insert into sale (sale_id, branch, employee, date) values (3, 'Sede0', 52, '2019-04-10');
insert into sale (sale_id, branch, employee, date) values (4, 'Sede1', 209, '2019-01-17');
insert into sale (sale_id, branch, employee, date) values (5, 'Sede1', 47, '2019-02-22');
insert into sale (sale_id, branch, employee, date) values (6, 'Sede1', 121, '2019-01-29');
insert into sale (sale_id, branch, employee, date) values (7, 'Sede0', 121, '2019-03-27');
insert into sale (sale_id, branch, employee, date) values (8, 'Sede1', 43, '2019-01-14');
insert into sale (sale_id, branch, employee, date) values (9, 'Sede1', 233, '2019-01-08');
insert into sale (sale_id, branch, employee, date) values (10, 'Sede1', 209, '2019-03-09');
insert into sale (sale_id, branch, employee, date) values (11, 'Sede0', 249, '2019-04-07');
insert into sale (sale_id, branch, employee, date) values (12, 'Sede1', 169, '2019-01-28');
insert into sale (sale_id, branch, employee, date) values (13, 'Sede0', 43, '2019-01-18');
insert into sale (sale_id, branch, employee, date) values (14, 'Sede1', 250, '2019-03-04');
insert into sale (sale_id, branch, employee, date) values (15, 'Sede0', 250, '2019-04-05');
insert into sale (sale_id, branch, employee, date) values (16, 'Sede1', 47, '2019-04-02');
insert into sale (sale_id, branch, employee, date) values (17, 'Sede0', 21, '2019-04-01');
insert into sale (sale_id, branch, employee, date) values (18, 'Sede1', 209, '2019-01-01');
insert into sale (sale_id, branch, employee, date) values (19, 'Sede0', 21, '2019-04-21');
insert into sale (sale_id, branch, employee, date) values (20, 'Sede0', 250, '2019-02-25');
insert into sale (sale_id, branch, employee, date) values (21, 'Sede1', 21, '2019-03-11');
insert into sale (sale_id, branch, employee, date) values (22, 'Sede0', 21, '2019-04-11');
insert into sale (sale_id, branch, employee, date) values (23, 'Sede1', 52, '2019-01-07');
insert into sale (sale_id, branch, employee, date) values (24, 'Sede0', 249, '2019-04-25');
insert into sale (sale_id, branch, employee, date) values (25, 'Sede0', 209, '2019-04-02');
insert into sale (sale_id, branch, employee, date) values (26, 'Sede1', 121, '2019-02-22');
insert into sale (sale_id, branch, employee, date) values (27, 'Sede1', 21, '2019-04-06');
insert into sale (sale_id, branch, employee, date) values (28, 'Sede0', 52, '2019-01-22');
insert into sale (sale_id, branch, employee, date) values (29, 'Sede1', 47, '2019-03-22');
insert into sale (sale_id, branch, employee, date) values (30, 'Sede0', 52, '2019-03-29');
insert into sale (sale_id, branch, employee, date) values (31, 'Sede1', 43, '2019-03-29');
insert into sale (sale_id, branch, employee, date) values (32, 'Sede1', 249, '2019-01-31');
insert into sale (sale_id, branch, employee, date) values (33, 'Sede0', 30, '2019-02-25');
insert into sale (sale_id, branch, employee, date) values (34, 'Sede1', 209, '2019-03-25');
insert into sale (sale_id, branch, employee, date) values (35, 'Sede0', 52, '2019-01-13');
insert into sale (sale_id, branch, employee, date) values (36, 'Sede1', 83, '2019-03-29');
insert into sale (sale_id, branch, employee, date) values (37, 'Sede1', 52, '2019-02-17');
insert into sale (sale_id, branch, employee, date) values (38, 'Sede1', 65, '2019-01-11');
insert into sale (sale_id, branch, employee, date) values (39, 'Sede1', 52, '2019-04-29');
insert into sale (sale_id, branch, employee, date) values (40, 'Sede0', 121, '2019-02-16');
insert into sale (sale_id, branch, employee, date) values (41, 'Sede1', 30, '2019-04-06');
insert into sale (sale_id, branch, employee, date) values (42, 'Sede0', 209, '2019-03-30');
insert into sale (sale_id, branch, employee, date) values (43, 'Sede1', 18, '2019-04-11');
insert into sale (sale_id, branch, employee, date) values (44, 'Sede0', 102, '2019-04-15');
insert into sale (sale_id, branch, employee, date) values (45, 'Sede1', 47, '2019-02-24');
insert into sale (sale_id, branch, employee, date) values (46, 'Sede0', 18, '2019-03-04');
insert into sale (sale_id, branch, employee, date) values (47, 'Sede0', 18, '2019-04-04');
insert into sale (sale_id, branch, employee, date) values (48, 'Sede0', 21, '2019-01-06');
insert into sale (sale_id, branch, employee, date) values (49, 'Sede0', 65, '2019-03-17');
insert into sale (sale_id, branch, employee, date) values (50, 'Sede0', 121, '2019-02-28');
insert into sale (sale_id, branch, employee, date) values (51, 'Sede0', 158, '2019-01-25');
insert into sale (sale_id, branch, employee, date) values (52, 'Sede0', 169, '2019-04-14');
insert into sale (sale_id, branch, employee, date) values (53, 'Sede0', 18, '2019-02-09');
insert into sale (sale_id, branch, employee, date) values (54, 'Sede0', 30, '2019-04-12');
insert into sale (sale_id, branch, employee, date) values (55, 'Sede1', 43, '2019-02-01');
insert into sale (sale_id, branch, employee, date) values (56, 'Sede0', 158, '2019-02-01');
insert into sale (sale_id, branch, employee, date) values (57, 'Sede0', 52, '2019-01-29');
insert into sale (sale_id, branch, employee, date) values (58, 'Sede1', 83, '2019-03-17');
insert into sale (sale_id, branch, employee, date) values (59, 'Sede0', 83, '2019-02-04');
insert into sale (sale_id, branch, employee, date) values (60, 'Sede1', 233, '2019-04-24');
insert into sale (sale_id, branch, employee, date) values (61, 'Sede1', 250, '2019-03-20');
insert into sale (sale_id, branch, employee, date) values (62, 'Sede1', 158, '2019-03-02');
insert into sale (sale_id, branch, employee, date) values (63, 'Sede1', 158, '2019-04-25');
insert into sale (sale_id, branch, employee, date) values (64, 'Sede0', 47, '2019-02-21');
insert into sale (sale_id, branch, employee, date) values (65, 'Sede1', 21, '2019-03-18');
insert into sale (sale_id, branch, employee, date) values (66, 'Sede0', 65, '2019-03-04');
insert into sale (sale_id, branch, employee, date) values (67, 'Sede1', 233, '2019-02-07');
insert into sale (sale_id, branch, employee, date) values (68, 'Sede1', 47, '2019-01-29');
insert into sale (sale_id, branch, employee, date) values (69, 'Sede0', 209, '2019-03-21');
insert into sale (sale_id, branch, employee, date) values (70, 'Sede0', 18, '2019-04-04');
insert into sale (sale_id, branch, employee, date) values (71, 'Sede1', 249, '2019-04-26');
insert into sale (sale_id, branch, employee, date) values (72, 'Sede0', 209, '2019-01-19');
insert into sale (sale_id, branch, employee, date) values (73, 'Sede0', 30, '2019-04-27');
insert into sale (sale_id, branch, employee, date) values (74, 'Sede0', 250, '2019-04-18');
insert into sale (sale_id, branch, employee, date) values (75, 'Sede1', 18, '2019-01-13');
insert into sale (sale_id, branch, employee, date) values (76, 'Sede0', 52, '2019-02-08');
insert into sale (sale_id, branch, employee, date) values (77, 'Sede1', 250, '2019-02-04');
insert into sale (sale_id, branch, employee, date) values (78, 'Sede1', 169, '2019-03-30');
insert into sale (sale_id, branch, employee, date) values (79, 'Sede0', 65, '2019-03-25');
insert into sale (sale_id, branch, employee, date) values (80, 'Sede1', 30, '2019-02-28');
insert into sale (sale_id, branch, employee, date) values (81, 'Sede0', 21, '2019-03-14');
insert into sale (sale_id, branch, employee, date) values (82, 'Sede0', 169, '2019-03-06');
insert into sale (sale_id, branch, employee, date) values (83, 'Sede0', 21, '2019-01-09');
insert into sale (sale_id, branch, employee, date) values (84, 'Sede0', 102, '2019-03-08');
insert into sale (sale_id, branch, employee, date) values (85, 'Sede1', 169, '2019-01-28');
insert into sale (sale_id, branch, employee, date) values (86, 'Sede1', 30, '2019-02-15');
insert into sale (sale_id, branch, employee, date) values (87, 'Sede0', 249, '2019-04-04');
insert into sale (sale_id, branch, employee, date) values (88, 'Sede1', 169, '2019-04-03');
insert into sale (sale_id, branch, employee, date) values (89, 'Sede0', 233, '2019-04-03');
insert into sale (sale_id, branch, employee, date) values (90, 'Sede0', 158, '2019-02-03');
insert into sale (sale_id, branch, employee, date) values (91, 'Sede1', 249, '2019-04-09');
insert into sale (sale_id, branch, employee, date) values (92, 'Sede0', 158, '2019-05-01');
insert into sale (sale_id, branch, employee, date) values (93, 'Sede1', 233, '2019-02-28');
insert into sale (sale_id, branch, employee, date) values (94, 'Sede0', 169, '2019-01-19');
insert into sale (sale_id, branch, employee, date) values (95, 'Sede1', 121, '2019-02-15');
insert into sale (sale_id, branch, employee, date) values (96, 'Sede1', 18, '2019-01-19');
insert into sale (sale_id, branch, employee, date) values (97, 'Sede0', 121, '2019-03-20');
insert into sale (sale_id, branch, employee, date) values (98, 'Sede1', 102, '2019-03-04');
insert into sale (sale_id, branch, employee, date) values (99, 'Sede1', 102, '2019-03-14');
insert into sale (sale_id, branch, employee, date) values (100, 'Sede1', 52, '2019-01-21');
insert into sale (sale_id, branch, employee, date) values (101, 'Sede0', 209, '2019-03-05');
insert into sale (sale_id, branch, employee, date) values (102, 'Sede0', 47, '2019-04-26');
insert into sale (sale_id, branch, employee, date) values (103, 'Sede1', 30, '2019-01-18');
insert into sale (sale_id, branch, employee, date) values (104, 'Sede0', 18, '2019-01-25');
insert into sale (sale_id, branch, employee, date) values (105, 'Sede1', 30, '2019-02-01');
insert into sale (sale_id, branch, employee, date) values (106, 'Sede0', 65, '2019-03-27');
insert into sale (sale_id, branch, employee, date) values (107, 'Sede1', 21, '2019-04-28');
insert into sale (sale_id, branch, employee, date) values (108, 'Sede1', 52, '2019-01-28');
insert into sale (sale_id, branch, employee, date) values (109, 'Sede0', 102, '2019-03-01');
insert into sale (sale_id, branch, employee, date) values (110, 'Sede0', 18, '2019-03-17');
insert into sale (sale_id, branch, employee, date) values (111, 'Sede1', 30, '2019-04-12');
insert into sale (sale_id, branch, employee, date) values (112, 'Sede1', 249, '2019-02-01');
insert into sale (sale_id, branch, employee, date) values (113, 'Sede1', 121, '2019-02-15');
insert into sale (sale_id, branch, employee, date) values (114, 'Sede0', 30, '2019-02-26');
insert into sale (sale_id, branch, employee, date) values (115, 'Sede1', 65, '2019-02-26');
insert into sale (sale_id, branch, employee, date) values (116, 'Sede0', 18, '2019-03-23');
insert into sale (sale_id, branch, employee, date) values (117, 'Sede0', 43, '2019-04-22');
insert into sale (sale_id, branch, employee, date) values (118, 'Sede1', 52, '2019-01-08');
insert into sale (sale_id, branch, employee, date) values (119, 'Sede1', 233, '2019-02-23');
insert into sale (sale_id, branch, employee, date) values (120, 'Sede1', 18, '2019-01-13');
insert into sale (sale_id, branch, employee, date) values (121, 'Sede1', 30, '2019-03-22');
insert into sale (sale_id, branch, employee, date) values (122, 'Sede0', 250, '2019-01-24');
insert into sale (sale_id, branch, employee, date) values (123, 'Sede0', 249, '2019-05-02');
insert into sale (sale_id, branch, employee, date) values (124, 'Sede1', 30, '2019-04-23');
insert into sale (sale_id, branch, employee, date) values (125, 'Sede0', 21, '2019-01-07');
insert into sale (sale_id, branch, employee, date) values (126, 'Sede0', 47, '2019-01-02');
insert into sale (sale_id, branch, employee, date) values (127, 'Sede0', 121, '2019-03-31');
insert into sale (sale_id, branch, employee, date) values (128, 'Sede1', 18, '2019-01-14');
insert into sale (sale_id, branch, employee, date) values (129, 'Sede0', 83, '2019-02-24');
insert into sale (sale_id, branch, employee, date) values (130, 'Sede1', 65, '2019-04-06');
insert into sale (sale_id, branch, employee, date) values (131, 'Sede1', 18, '2019-03-26');
insert into sale (sale_id, branch, employee, date) values (132, 'Sede0', 52, '2019-01-08');
insert into sale (sale_id, branch, employee, date) values (133, 'Sede1', 21, '2019-02-22');
insert into sale (sale_id, branch, employee, date) values (134, 'Sede0', 65, '2019-02-28');
insert into sale (sale_id, branch, employee, date) values (135, 'Sede0', 21, '2019-04-18');
insert into sale (sale_id, branch, employee, date) values (136, 'Sede1', 121, '2019-02-04');
insert into sale (sale_id, branch, employee, date) values (137, 'Sede1', 83, '2019-04-01');
insert into sale (sale_id, branch, employee, date) values (138, 'Sede1', 47, '2019-03-23');
insert into sale (sale_id, branch, employee, date) values (139, 'Sede0', 18, '2019-01-23');
insert into sale (sale_id, branch, employee, date) values (140, 'Sede1', 52, '2019-03-02');
insert into sale (sale_id, branch, employee, date) values (141, 'Sede1', 43, '2019-03-18');
insert into sale (sale_id, branch, employee, date) values (142, 'Sede0', 169, '2019-04-12');
insert into sale (sale_id, branch, employee, date) values (143, 'Sede0', 18, '2019-04-12');
insert into sale (sale_id, branch, employee, date) values (144, 'Sede0', 209, '2019-02-19');
insert into sale (sale_id, branch, employee, date) values (145, 'Sede1', 209, '2019-01-14');
insert into sale (sale_id, branch, employee, date) values (146, 'Sede0', 102, '2019-03-11');
insert into sale (sale_id, branch, employee, date) values (147, 'Sede1', 249, '2019-02-03');
insert into sale (sale_id, branch, employee, date) values (148, 'Sede0', 83, '2019-04-05');
insert into sale (sale_id, branch, employee, date) values (149, 'Sede0', 21, '2019-01-28');
insert into sale (sale_id, branch, employee, date) values (150, 'Sede0', 21, '2019-01-07');
insert into sale (sale_id, branch, employee, date) values (151, 'Sede0', 249, '2019-04-11');
insert into sale (sale_id, branch, employee, date) values (152, 'Sede1', 233, '2019-02-09');
insert into sale (sale_id, branch, employee, date) values (153, 'Sede1', 52, '2019-02-14');
insert into sale (sale_id, branch, employee, date) values (154, 'Sede1', 233, '2019-02-14');
insert into sale (sale_id, branch, employee, date) values (155, 'Sede0', 249, '2019-04-16');
insert into sale (sale_id, branch, employee, date) values (156, 'Sede1', 30, '2019-04-10');
insert into sale (sale_id, branch, employee, date) values (157, 'Sede0', 52, '2019-04-09');
insert into sale (sale_id, branch, employee, date) values (158, 'Sede1', 158, '2019-04-24');
insert into sale (sale_id, branch, employee, date) values (159, 'Sede1', 209, '2019-02-04');
insert into sale (sale_id, branch, employee, date) values (160, 'Sede1', 102, '2019-04-08');
insert into sale (sale_id, branch, employee, date) values (161, 'Sede1', 30, '2019-01-12');
insert into sale (sale_id, branch, employee, date) values (162, 'Sede0', 209, '2019-02-02');
insert into sale (sale_id, branch, employee, date) values (163, 'Sede0', 21, '2019-01-14');
insert into sale (sale_id, branch, employee, date) values (164, 'Sede0', 121, '2019-03-23');
insert into sale (sale_id, branch, employee, date) values (165, 'Sede0', 102, '2019-02-01');
insert into sale (sale_id, branch, employee, date) values (166, 'Sede1', 250, '2019-03-16');
insert into sale (sale_id, branch, employee, date) values (167, 'Sede1', 65, '2019-02-11');
insert into sale (sale_id, branch, employee, date) values (168, 'Sede1', 43, '2019-01-10');
insert into sale (sale_id, branch, employee, date) values (169, 'Sede1', 21, '2019-04-26');
insert into sale (sale_id, branch, employee, date) values (170, 'Sede0', 158, '2019-04-13');
insert into sale (sale_id, branch, employee, date) values (171, 'Sede0', 18, '2019-01-21');
insert into sale (sale_id, branch, employee, date) values (172, 'Sede0', 30, '2019-03-29');
insert into sale (sale_id, branch, employee, date) values (173, 'Sede0', 18, '2019-01-13');
insert into sale (sale_id, branch, employee, date) values (174, 'Sede0', 30, '2019-02-15');
insert into sale (sale_id, branch, employee, date) values (175, 'Sede1', 21, '2019-04-30');
insert into sale (sale_id, branch, employee, date) values (176, 'Sede0', 21, '2019-03-31');
insert into sale (sale_id, branch, employee, date) values (177, 'Sede0', 52, '2019-03-09');
insert into sale (sale_id, branch, employee, date) values (178, 'Sede0', 52, '2019-01-23');
insert into sale (sale_id, branch, employee, date) values (179, 'Sede1', 47, '2019-01-19');
insert into sale (sale_id, branch, employee, date) values (180, 'Sede1', 169, '2019-02-17');
insert into sale (sale_id, branch, employee, date) values (181, 'Sede1', 43, '2019-04-13');
insert into sale (sale_id, branch, employee, date) values (182, 'Sede1', 30, '2019-04-24');
insert into sale (sale_id, branch, employee, date) values (183, 'Sede0', 30, '2019-02-14');
insert into sale (sale_id, branch, employee, date) values (184, 'Sede0', 121, '2019-02-03');
insert into sale (sale_id, branch, employee, date) values (185, 'Sede1', 83, '2019-04-15');
insert into sale (sale_id, branch, employee, date) values (186, 'Sede0', 18, '2019-03-17');
insert into sale (sale_id, branch, employee, date) values (187, 'Sede1', 102, '2019-02-09');
insert into sale (sale_id, branch, employee, date) values (188, 'Sede0', 233, '2019-01-31');
insert into sale (sale_id, branch, employee, date) values (189, 'Sede0', 30, '2019-01-07');
insert into sale (sale_id, branch, employee, date) values (190, 'Sede1', 158, '2019-03-05');
insert into sale (sale_id, branch, employee, date) values (191, 'Sede1', 30, '2019-04-12');
insert into sale (sale_id, branch, employee, date) values (192, 'Sede1', 43, '2019-02-13');
insert into sale (sale_id, branch, employee, date) values (193, 'Sede0', 65, '2019-04-30');
insert into sale (sale_id, branch, employee, date) values (194, 'Sede1', 52, '2019-02-13');
insert into sale (sale_id, branch, employee, date) values (195, 'Sede1', 18, '2019-01-15');
insert into sale (sale_id, branch, employee, date) values (196, 'Sede1', 250, '2019-01-07');
insert into sale (sale_id, branch, employee, date) values (197, 'Sede1', 158, '2019-03-01');
insert into sale (sale_id, branch, employee, date) values (198, 'Sede0', 52, '2019-03-16');
insert into sale (sale_id, branch, employee, date) values (199, 'Sede1', 47, '2019-03-28');
insert into sale (sale_id, branch, employee, date) values (200, 'Sede1', 52, '2019-01-07');
insert into sale (sale_id, branch, employee, date) values (201, 'Sede0', 43, '2019-04-22');
insert into sale (sale_id, branch, employee, date) values (202, 'Sede1', 43, '2019-03-05');
insert into sale (sale_id, branch, employee, date) values (203, 'Sede0', 102, '2019-02-24');
insert into sale (sale_id, branch, employee, date) values (204, 'Sede1', 209, '2019-01-17');
insert into sale (sale_id, branch, employee, date) values (205, 'Sede1', 209, '2019-04-22');
insert into sale (sale_id, branch, employee, date) values (206, 'Sede0', 102, '2019-01-02');
insert into sale (sale_id, branch, employee, date) values (207, 'Sede1', 52, '2019-01-28');
insert into sale (sale_id, branch, employee, date) values (208, 'Sede0', 30, '2019-01-07');
insert into sale (sale_id, branch, employee, date) values (209, 'Sede0', 43, '2019-02-21');
insert into sale (sale_id, branch, employee, date) values (210, 'Sede0', 249, '2019-02-06');
insert into sale (sale_id, branch, employee, date) values (211, 'Sede1', 52, '2019-01-09');
insert into sale (sale_id, branch, employee, date) values (212, 'Sede0', 18, '2019-03-22');
insert into sale (sale_id, branch, employee, date) values (213, 'Sede1', 249, '2019-01-14');
insert into sale (sale_id, branch, employee, date) values (214, 'Sede1', 30, '2019-04-25');
insert into sale (sale_id, branch, employee, date) values (215, 'Sede0', 43, '2019-02-16');
insert into sale (sale_id, branch, employee, date) values (216, 'Sede0', 52, '2019-03-28');
insert into sale (sale_id, branch, employee, date) values (217, 'Sede1', 233, '2019-02-15');
insert into sale (sale_id, branch, employee, date) values (218, 'Sede0', 47, '2019-01-05');
insert into sale (sale_id, branch, employee, date) values (219, 'Sede0', 249, '2019-01-08');
insert into sale (sale_id, branch, employee, date) values (220, 'Sede1', 249, '2019-02-15');
insert into sale (sale_id, branch, employee, date) values (221, 'Sede0', 65, '2019-02-12');
insert into sale (sale_id, branch, employee, date) values (222, 'Sede0', 250, '2019-04-11');
insert into sale (sale_id, branch, employee, date) values (223, 'Sede0', 43, '2019-01-28');
insert into sale (sale_id, branch, employee, date) values (224, 'Sede1', 250, '2019-01-31');
insert into sale (sale_id, branch, employee, date) values (225, 'Sede0', 18, '2019-04-25');
insert into sale (sale_id, branch, employee, date) values (226, 'Sede1', 250, '2019-04-29');
insert into sale (sale_id, branch, employee, date) values (227, 'Sede0', 83, '2019-04-08');
insert into sale (sale_id, branch, employee, date) values (228, 'Sede1', 21, '2019-01-21');
insert into sale (sale_id, branch, employee, date) values (229, 'Sede1', 21, '2019-02-20');
insert into sale (sale_id, branch, employee, date) values (230, 'Sede1', 52, '2019-03-25');
insert into sale (sale_id, branch, employee, date) values (231, 'Sede1', 18, '2019-03-01');
insert into sale (sale_id, branch, employee, date) values (232, 'Sede0', 249, '2019-03-06');
insert into sale (sale_id, branch, employee, date) values (233, 'Sede1', 250, '2019-04-28');
insert into sale (sale_id, branch, employee, date) values (234, 'Sede0', 43, '2019-04-02');
insert into sale (sale_id, branch, employee, date) values (235, 'Sede1', 249, '2019-04-05');
insert into sale (sale_id, branch, employee, date) values (236, 'Sede0', 47, '2019-02-10');
insert into sale (sale_id, branch, employee, date) values (237, 'Sede1', 169, '2019-05-02');
insert into sale (sale_id, branch, employee, date) values (238, 'Sede0', 158, '2019-03-26');
insert into sale (sale_id, branch, employee, date) values (239, 'Sede1', 21, '2019-04-14');
insert into sale (sale_id, branch, employee, date) values (240, 'Sede0', 18, '2019-03-25');
insert into sale (sale_id, branch, employee, date) values (241, 'Sede1', 47, '2019-02-26');
insert into sale (sale_id, branch, employee, date) values (242, 'Sede0', 209, '2019-02-25');
insert into sale (sale_id, branch, employee, date) values (243, 'Sede1', 209, '2019-03-08');
insert into sale (sale_id, branch, employee, date) values (244, 'Sede1', 102, '2019-01-28');
insert into sale (sale_id, branch, employee, date) values (245, 'Sede1', 21, '2019-02-07');
insert into sale (sale_id, branch, employee, date) values (246, 'Sede1', 52, '2019-04-16');
insert into sale (sale_id, branch, employee, date) values (247, 'Sede0', 83, '2019-04-29');
insert into sale (sale_id, branch, employee, date) values (248, 'Sede0', 121, '2019-01-29');
insert into sale (sale_id, branch, employee, date) values (249, 'Sede1', 83, '2019-01-18');
insert into sale (sale_id, branch, employee, date) values (250, 'Sede0', 209, '2019-03-19');
/*furniture_sold*/
insert into furniture_sold (sale_id, furniture_id, quantity, value) values (1, 3, 2, 200);
insert into furniture_sold (sale_id, furniture_id, quantity, value) values (2, 4, 4, 400);
insert into furniture_sold (sale_id, furniture_id, quantity, value) values (3, 8, 3, 300);
insert into furniture_sold (sale_id, furniture_id, quantity, value) values (4, 19, 5, 500);
insert into furniture_sold (sale_id, furniture_id, quantity, value) values (5, 16, 4, 400);
insert into furniture_sold (sale_id, furniture_id, quantity, value) values (6, 19, 1, 100);
insert into furniture_sold (sale_id, furniture_id, quantity, value) values (7, 9, 3, 300);
insert into furniture_sold (sale_id, furniture_id, quantity, value) values (8, 6, 5, 500);
insert into furniture_sold (sale_id, furniture_id, quantity, value) values (9, 7, 3, 300);
insert into furniture_sold (sale_id, furniture_id, quantity, value) values (10, 2, 5, 500);
insert into furniture_sold (sale_id, furniture_id, quantity, value) values (11, 5, 2, 200);
insert into furniture_sold (sale_id, furniture_id, quantity, value) values (12, 6, 2, 200);
insert into furniture_sold (sale_id, furniture_id, quantity, value) values (13, 4, 4, 400);
insert into furniture_sold (sale_id, furniture_id, quantity, value) values (14, 20, 5, 500);
insert into furniture_sold (sale_id, furniture_id, quantity, value) values (15, 9, 3, 300);
insert into furniture_sold (sale_id, furniture_id, quantity, value) values (16, 7, 3, 300);
insert into furniture_sold (sale_id, furniture_id, quantity, value) values (17, 20, 1, 100);
insert into furniture_sold (sale_id, furniture_id, quantity, value) values (18, 17, 2, 200);
insert into furniture_sold (sale_id, furniture_id, quantity, value) values (19, 1, 2, 200);
insert into furniture_sold (sale_id, furniture_id, quantity, value) values (20, 2, 4, 400);
insert into furniture_sold (sale_id, furniture_id, quantity, value) values (21, 15, 1, 100);
insert into furniture_sold (sale_id, furniture_id, quantity, value) values (22, 17, 5, 500);
insert into furniture_sold (sale_id, furniture_id, quantity, value) values (23, 17, 2, 200);
insert into furniture_sold (sale_id, furniture_id, quantity, value) values (24, 7, 3, 300);
insert into furniture_sold (sale_id, furniture_id, quantity, value) values (25, 13, 4, 400);
insert into furniture_sold (sale_id, furniture_id, quantity, value) values (26, 15, 3, 300);
insert into furniture_sold (sale_id, furniture_id, quantity, value) values (27, 7, 1, 100);
insert into furniture_sold (sale_id, furniture_id, quantity, value) values (28, 4, 3, 300);
insert into furniture_sold (sale_id, furniture_id, quantity, value) values (29, 12, 3, 300);
insert into furniture_sold (sale_id, furniture_id, quantity, value) values (30, 16, 5, 500);
insert into furniture_sold (sale_id, furniture_id, quantity, value) values (31, 9, 3, 300);
insert into furniture_sold (sale_id, furniture_id, quantity, value) values (32, 10, 1, 100);
insert into furniture_sold (sale_id, furniture_id, quantity, value) values (33, 10, 5, 500);
insert into furniture_sold (sale_id, furniture_id, quantity, value) values (34, 18, 4, 400);
insert into furniture_sold (sale_id, furniture_id, quantity, value) values (35, 15, 3, 300);
insert into furniture_sold (sale_id, furniture_id, quantity, value) values (36, 18, 3, 300);
insert into furniture_sold (sale_id, furniture_id, quantity, value) values (37, 11, 3, 300);
insert into furniture_sold (sale_id, furniture_id, quantity, value) values (38, 7, 2, 200);
insert into furniture_sold (sale_id, furniture_id, quantity, value) values (39, 12, 5, 500);
insert into furniture_sold (sale_id, furniture_id, quantity, value) values (40, 20, 1, 100);
insert into furniture_sold (sale_id, furniture_id, quantity, value) values (41, 15, 5, 500);
insert into furniture_sold (sale_id, furniture_id, quantity, value) values (42, 8, 4, 400);
insert into furniture_sold (sale_id, furniture_id, quantity, value) values (43, 1, 2, 200);
insert into furniture_sold (sale_id, furniture_id, quantity, value) values (44, 15, 2, 200);
insert into furniture_sold (sale_id, furniture_id, quantity, value) values (45, 2, 3, 300);
insert into furniture_sold (sale_id, furniture_id, quantity, value) values (46, 3, 2, 200);
insert into furniture_sold (sale_id, furniture_id, quantity, value) values (47, 5, 4, 400);
insert into furniture_sold (sale_id, furniture_id, quantity, value) values (48, 5, 3, 300);
insert into furniture_sold (sale_id, furniture_id, quantity, value) values (49, 2, 4, 400);
insert into furniture_sold (sale_id, furniture_id, quantity, value) values (50, 9, 5, 500);
insert into furniture_sold (sale_id, furniture_id, quantity, value) values (51, 18, 1, 100);
insert into furniture_sold (sale_id, furniture_id, quantity, value) values (52, 14, 5, 500);
insert into furniture_sold (sale_id, furniture_id, quantity, value) values (53, 12, 4, 400);
insert into furniture_sold (sale_id, furniture_id, quantity, value) values (54, 14, 2, 200);
insert into furniture_sold (sale_id, furniture_id, quantity, value) values (55, 2, 5, 500);
insert into furniture_sold (sale_id, furniture_id, quantity, value) values (56, 15, 2, 200);
insert into furniture_sold (sale_id, furniture_id, quantity, value) values (57, 14, 3, 300);
insert into furniture_sold (sale_id, furniture_id, quantity, value) values (58, 7, 5, 500);
insert into furniture_sold (sale_id, furniture_id, quantity, value) values (59, 20, 3, 300);
insert into furniture_sold (sale_id, furniture_id, quantity, value) values (60, 10, 3, 300);
insert into furniture_sold (sale_id, furniture_id, quantity, value) values (61, 15, 1, 100);
insert into furniture_sold (sale_id, furniture_id, quantity, value) values (62, 11, 2, 200);
insert into furniture_sold (sale_id, furniture_id, quantity, value) values (63, 13, 4, 400);
insert into furniture_sold (sale_id, furniture_id, quantity, value) values (64, 6, 2, 200);
insert into furniture_sold (sale_id, furniture_id, quantity, value) values (65, 4, 2, 200);
insert into furniture_sold (sale_id, furniture_id, quantity, value) values (66, 7, 5, 500);
insert into furniture_sold (sale_id, furniture_id, quantity, value) values (67, 10, 1, 100);
insert into furniture_sold (sale_id, furniture_id, quantity, value) values (68, 5, 3, 300);
insert into furniture_sold (sale_id, furniture_id, quantity, value) values (69, 15, 2, 200);
insert into furniture_sold (sale_id, furniture_id, quantity, value) values (70, 16, 3, 300);
insert into furniture_sold (sale_id, furniture_id, quantity, value) values (71, 9, 1, 100);
insert into furniture_sold (sale_id, furniture_id, quantity, value) values (72, 20, 4, 400);
insert into furniture_sold (sale_id, furniture_id, quantity, value) values (73, 2, 1, 100);
insert into furniture_sold (sale_id, furniture_id, quantity, value) values (74, 20, 1, 100);
insert into furniture_sold (sale_id, furniture_id, quantity, value) values (75, 2, 3, 300);
insert into furniture_sold (sale_id, furniture_id, quantity, value) values (76, 7, 2, 200);
insert into furniture_sold (sale_id, furniture_id, quantity, value) values (77, 13, 5, 500);
insert into furniture_sold (sale_id, furniture_id, quantity, value) values (78, 12, 5, 500);
insert into furniture_sold (sale_id, furniture_id, quantity, value) values (79, 20, 4, 400);
insert into furniture_sold (sale_id, furniture_id, quantity, value) values (80, 17, 4, 400);
insert into furniture_sold (sale_id, furniture_id, quantity, value) values (81, 14, 2, 200);
insert into furniture_sold (sale_id, furniture_id, quantity, value) values (82, 2, 4, 400);
insert into furniture_sold (sale_id, furniture_id, quantity, value) values (83, 13, 1, 100);
insert into furniture_sold (sale_id, furniture_id, quantity, value) values (84, 19, 5, 500);
insert into furniture_sold (sale_id, furniture_id, quantity, value) values (85, 2, 3, 300);
insert into furniture_sold (sale_id, furniture_id, quantity, value) values (86, 3, 3, 300);
insert into furniture_sold (sale_id, furniture_id, quantity, value) values (87, 16, 4, 400);
insert into furniture_sold (sale_id, furniture_id, quantity, value) values (88, 3, 4, 400);
insert into furniture_sold (sale_id, furniture_id, quantity, value) values (89, 19, 2, 200);
insert into furniture_sold (sale_id, furniture_id, quantity, value) values (90, 13, 1, 100);
insert into furniture_sold (sale_id, furniture_id, quantity, value) values (91, 11, 4, 400);
insert into furniture_sold (sale_id, furniture_id, quantity, value) values (92, 12, 2, 200);
insert into furniture_sold (sale_id, furniture_id, quantity, value) values (93, 14, 1, 100);
insert into furniture_sold (sale_id, furniture_id, quantity, value) values (94, 3, 3, 300);
insert into furniture_sold (sale_id, furniture_id, quantity, value) values (95, 8, 5, 500);
insert into furniture_sold (sale_id, furniture_id, quantity, value) values (96, 1, 1, 100);
insert into furniture_sold (sale_id, furniture_id, quantity, value) values (97, 2, 3, 300);
insert into furniture_sold (sale_id, furniture_id, quantity, value) values (98, 10, 2, 200);
insert into furniture_sold (sale_id, furniture_id, quantity, value) values (99, 2, 4, 400);
insert into furniture_sold (sale_id, furniture_id, quantity, value) values (100, 12, 5, 500);
insert into furniture_sold (sale_id, furniture_id, quantity, value) values (101, 5, 5, 500);
insert into furniture_sold (sale_id, furniture_id, quantity, value) values (102, 8, 2, 200);
insert into furniture_sold (sale_id, furniture_id, quantity, value) values (103, 5, 2, 200);
insert into furniture_sold (sale_id, furniture_id, quantity, value) values (104, 8, 3, 300);
insert into furniture_sold (sale_id, furniture_id, quantity, value) values (105, 20, 3, 300);
insert into furniture_sold (sale_id, furniture_id, quantity, value) values (106, 3, 1, 100);
insert into furniture_sold (sale_id, furniture_id, quantity, value) values (107, 1, 2, 200);
insert into furniture_sold (sale_id, furniture_id, quantity, value) values (108, 10, 5, 500);
insert into furniture_sold (sale_id, furniture_id, quantity, value) values (109, 17, 3, 300);
insert into furniture_sold (sale_id, furniture_id, quantity, value) values (110, 20, 4, 400);
insert into furniture_sold (sale_id, furniture_id, quantity, value) values (111, 15, 2, 200);
insert into furniture_sold (sale_id, furniture_id, quantity, value) values (112, 2, 4, 400);
insert into furniture_sold (sale_id, furniture_id, quantity, value) values (113, 11, 1, 100);
insert into furniture_sold (sale_id, furniture_id, quantity, value) values (114, 5, 5, 500);
insert into furniture_sold (sale_id, furniture_id, quantity, value) values (115, 14, 2, 200);
insert into furniture_sold (sale_id, furniture_id, quantity, value) values (116, 6, 4, 400);
insert into furniture_sold (sale_id, furniture_id, quantity, value) values (117, 20, 2, 200);
insert into furniture_sold (sale_id, furniture_id, quantity, value) values (118, 13, 4, 400);
insert into furniture_sold (sale_id, furniture_id, quantity, value) values (119, 19, 1, 100);
insert into furniture_sold (sale_id, furniture_id, quantity, value) values (120, 12, 1, 100);
insert into furniture_sold (sale_id, furniture_id, quantity, value) values (121, 14, 2, 200);
insert into furniture_sold (sale_id, furniture_id, quantity, value) values (122, 3, 1, 100);
insert into furniture_sold (sale_id, furniture_id, quantity, value) values (123, 17, 4, 400);
insert into furniture_sold (sale_id, furniture_id, quantity, value) values (124, 10, 1, 100);
insert into furniture_sold (sale_id, furniture_id, quantity, value) values (125, 11, 4, 400);
insert into furniture_sold (sale_id, furniture_id, quantity, value) values (126, 10, 1, 100);
insert into furniture_sold (sale_id, furniture_id, quantity, value) values (127, 5, 3, 300);
insert into furniture_sold (sale_id, furniture_id, quantity, value) values (128, 9, 1, 100);
insert into furniture_sold (sale_id, furniture_id, quantity, value) values (129, 5, 2, 200);
insert into furniture_sold (sale_id, furniture_id, quantity, value) values (130, 18, 2, 200);
insert into furniture_sold (sale_id, furniture_id, quantity, value) values (131, 1, 3, 300);
insert into furniture_sold (sale_id, furniture_id, quantity, value) values (132, 18, 4, 400);
insert into furniture_sold (sale_id, furniture_id, quantity, value) values (133, 1, 5, 500);
insert into furniture_sold (sale_id, furniture_id, quantity, value) values (134, 3, 4, 400);
insert into furniture_sold (sale_id, furniture_id, quantity, value) values (135, 3, 4, 400);
insert into furniture_sold (sale_id, furniture_id, quantity, value) values (136, 6, 5, 500);
insert into furniture_sold (sale_id, furniture_id, quantity, value) values (137, 17, 1, 100);
insert into furniture_sold (sale_id, furniture_id, quantity, value) values (138, 2, 3, 300);
insert into furniture_sold (sale_id, furniture_id, quantity, value) values (139, 4, 1, 100);
insert into furniture_sold (sale_id, furniture_id, quantity, value) values (140, 9, 3, 300);
insert into furniture_sold (sale_id, furniture_id, quantity, value) values (141, 2, 1, 100);
insert into furniture_sold (sale_id, furniture_id, quantity, value) values (142, 14, 2, 200);
insert into furniture_sold (sale_id, furniture_id, quantity, value) values (143, 8, 5, 500);
insert into furniture_sold (sale_id, furniture_id, quantity, value) values (144, 16, 3, 300);
insert into furniture_sold (sale_id, furniture_id, quantity, value) values (145, 19, 4, 400);
insert into furniture_sold (sale_id, furniture_id, quantity, value) values (146, 19, 2, 200);
insert into furniture_sold (sale_id, furniture_id, quantity, value) values (147, 9, 3, 300);
insert into furniture_sold (sale_id, furniture_id, quantity, value) values (148, 11, 5, 500);
insert into furniture_sold (sale_id, furniture_id, quantity, value) values (149, 3, 5, 500);
insert into furniture_sold (sale_id, furniture_id, quantity, value) values (150, 15, 5, 500);
insert into furniture_sold (sale_id, furniture_id, quantity, value) values (151, 20, 2, 200);
insert into furniture_sold (sale_id, furniture_id, quantity, value) values (152, 10, 5, 500);
insert into furniture_sold (sale_id, furniture_id, quantity, value) values (153, 15, 2, 200);
insert into furniture_sold (sale_id, furniture_id, quantity, value) values (154, 13, 1, 100);
insert into furniture_sold (sale_id, furniture_id, quantity, value) values (155, 14, 2, 200);
insert into furniture_sold (sale_id, furniture_id, quantity, value) values (156, 18, 1, 100);
insert into furniture_sold (sale_id, furniture_id, quantity, value) values (157, 6, 5, 500);
insert into furniture_sold (sale_id, furniture_id, quantity, value) values (158, 12, 4, 400);
insert into furniture_sold (sale_id, furniture_id, quantity, value) values (159, 5, 5, 500);
insert into furniture_sold (sale_id, furniture_id, quantity, value) values (160, 10, 1, 100);
insert into furniture_sold (sale_id, furniture_id, quantity, value) values (161, 6, 3, 300);
insert into furniture_sold (sale_id, furniture_id, quantity, value) values (162, 14, 1, 100);
insert into furniture_sold (sale_id, furniture_id, quantity, value) values (163, 19, 1, 100);
insert into furniture_sold (sale_id, furniture_id, quantity, value) values (164, 11, 4, 400);
insert into furniture_sold (sale_id, furniture_id, quantity, value) values (165, 16, 2, 200);
insert into furniture_sold (sale_id, furniture_id, quantity, value) values (166, 1, 4, 400);
insert into furniture_sold (sale_id, furniture_id, quantity, value) values (167, 14, 3, 300);
insert into furniture_sold (sale_id, furniture_id, quantity, value) values (168, 14, 2, 200);
insert into furniture_sold (sale_id, furniture_id, quantity, value) values (169, 13, 3, 300);
insert into furniture_sold (sale_id, furniture_id, quantity, value) values (170, 12, 1, 100);
insert into furniture_sold (sale_id, furniture_id, quantity, value) values (171, 8, 5, 500);
insert into furniture_sold (sale_id, furniture_id, quantity, value) values (172, 8, 1, 100);
insert into furniture_sold (sale_id, furniture_id, quantity, value) values (173, 4, 2, 200);
insert into furniture_sold (sale_id, furniture_id, quantity, value) values (174, 14, 5, 500);
insert into furniture_sold (sale_id, furniture_id, quantity, value) values (175, 10, 2, 200);
insert into furniture_sold (sale_id, furniture_id, quantity, value) values (176, 14, 2, 200);
insert into furniture_sold (sale_id, furniture_id, quantity, value) values (177, 20, 5, 500);
insert into furniture_sold (sale_id, furniture_id, quantity, value) values (178, 18, 1, 100);
insert into furniture_sold (sale_id, furniture_id, quantity, value) values (179, 11, 5, 500);
insert into furniture_sold (sale_id, furniture_id, quantity, value) values (180, 8, 4, 400);
insert into furniture_sold (sale_id, furniture_id, quantity, value) values (181, 3, 4, 400);
insert into furniture_sold (sale_id, furniture_id, quantity, value) values (182, 8, 5, 500);
insert into furniture_sold (sale_id, furniture_id, quantity, value) values (183, 12, 2, 200);
insert into furniture_sold (sale_id, furniture_id, quantity, value) values (184, 7, 2, 200);
insert into furniture_sold (sale_id, furniture_id, quantity, value) values (185, 15, 1, 100);
insert into furniture_sold (sale_id, furniture_id, quantity, value) values (186, 6, 3, 300);
insert into furniture_sold (sale_id, furniture_id, quantity, value) values (187, 9, 4, 400);
insert into furniture_sold (sale_id, furniture_id, quantity, value) values (188, 18, 5, 500);
insert into furniture_sold (sale_id, furniture_id, quantity, value) values (189, 2, 1, 100);
insert into furniture_sold (sale_id, furniture_id, quantity, value) values (190, 18, 1, 100);
insert into furniture_sold (sale_id, furniture_id, quantity, value) values (191, 2, 3, 300);
insert into furniture_sold (sale_id, furniture_id, quantity, value) values (192, 17, 4, 400);
insert into furniture_sold (sale_id, furniture_id, quantity, value) values (193, 9, 3, 300);
insert into furniture_sold (sale_id, furniture_id, quantity, value) values (194, 12, 4, 400);
insert into furniture_sold (sale_id, furniture_id, quantity, value) values (195, 13, 3, 300);
insert into furniture_sold (sale_id, furniture_id, quantity, value) values (196, 1, 3, 300);
insert into furniture_sold (sale_id, furniture_id, quantity, value) values (197, 8, 5, 500);
insert into furniture_sold (sale_id, furniture_id, quantity, value) values (198, 1, 1, 100);
insert into furniture_sold (sale_id, furniture_id, quantity, value) values (199, 12, 5, 500);
insert into furniture_sold (sale_id, furniture_id, quantity, value) values (200, 2, 5, 500);
insert into furniture_sold (sale_id, furniture_id, quantity, value) values (201, 16, 5, 500);
insert into furniture_sold (sale_id, furniture_id, quantity, value) values (202, 19, 2, 200);
insert into furniture_sold (sale_id, furniture_id, quantity, value) values (203, 3, 3, 300);
insert into furniture_sold (sale_id, furniture_id, quantity, value) values (204, 9, 2, 200);
insert into furniture_sold (sale_id, furniture_id, quantity, value) values (205, 13, 4, 400);
insert into furniture_sold (sale_id, furniture_id, quantity, value) values (206, 11, 4, 400);
insert into furniture_sold (sale_id, furniture_id, quantity, value) values (207, 16, 4, 400);
insert into furniture_sold (sale_id, furniture_id, quantity, value) values (208, 5, 4, 400);
insert into furniture_sold (sale_id, furniture_id, quantity, value) values (209, 12, 1, 100);
insert into furniture_sold (sale_id, furniture_id, quantity, value) values (210, 1, 5, 500);
insert into furniture_sold (sale_id, furniture_id, quantity, value) values (211, 14, 4, 400);
insert into furniture_sold (sale_id, furniture_id, quantity, value) values (212, 20, 3, 300);
insert into furniture_sold (sale_id, furniture_id, quantity, value) values (213, 6, 1, 100);
insert into furniture_sold (sale_id, furniture_id, quantity, value) values (214, 17, 2, 200);
insert into furniture_sold (sale_id, furniture_id, quantity, value) values (215, 5, 5, 500);
insert into furniture_sold (sale_id, furniture_id, quantity, value) values (216, 16, 3, 300);
insert into furniture_sold (sale_id, furniture_id, quantity, value) values (217, 6, 3, 300);
insert into furniture_sold (sale_id, furniture_id, quantity, value) values (218, 8, 3, 300);
insert into furniture_sold (sale_id, furniture_id, quantity, value) values (219, 16, 1, 100);
insert into furniture_sold (sale_id, furniture_id, quantity, value) values (220, 7, 5, 500);
insert into furniture_sold (sale_id, furniture_id, quantity, value) values (221, 3, 4, 400);
insert into furniture_sold (sale_id, furniture_id, quantity, value) values (222, 3, 2, 200);
insert into furniture_sold (sale_id, furniture_id, quantity, value) values (223, 16, 3, 300);
insert into furniture_sold (sale_id, furniture_id, quantity, value) values (224, 1, 5, 500);
insert into furniture_sold (sale_id, furniture_id, quantity, value) values (225, 3, 1, 100);
insert into furniture_sold (sale_id, furniture_id, quantity, value) values (226, 9, 5, 500);
insert into furniture_sold (sale_id, furniture_id, quantity, value) values (227, 19, 2, 200);
insert into furniture_sold (sale_id, furniture_id, quantity, value) values (228, 15, 2, 200);
insert into furniture_sold (sale_id, furniture_id, quantity, value) values (229, 19, 4, 400);
insert into furniture_sold (sale_id, furniture_id, quantity, value) values (230, 15, 4, 400);
insert into furniture_sold (sale_id, furniture_id, quantity, value) values (231, 18, 3, 300);
insert into furniture_sold (sale_id, furniture_id, quantity, value) values (232, 18, 3, 300);
insert into furniture_sold (sale_id, furniture_id, quantity, value) values (233, 13, 2, 200);
insert into furniture_sold (sale_id, furniture_id, quantity, value) values (234, 16, 5, 500);
insert into furniture_sold (sale_id, furniture_id, quantity, value) values (235, 12, 3, 300);
insert into furniture_sold (sale_id, furniture_id, quantity, value) values (236, 6, 4, 400);
insert into furniture_sold (sale_id, furniture_id, quantity, value) values (237, 17, 5, 500);
insert into furniture_sold (sale_id, furniture_id, quantity, value) values (238, 12, 5, 500);
insert into furniture_sold (sale_id, furniture_id, quantity, value) values (239, 5, 2, 200);
insert into furniture_sold (sale_id, furniture_id, quantity, value) values (240, 4, 4, 400);
insert into furniture_sold (sale_id, furniture_id, quantity, value) values (241, 13, 4, 400);
insert into furniture_sold (sale_id, furniture_id, quantity, value) values (242, 6, 2, 200);
insert into furniture_sold (sale_id, furniture_id, quantity, value) values (243, 19, 3, 300);
insert into furniture_sold (sale_id, furniture_id, quantity, value) values (244, 5, 1, 100);
insert into furniture_sold (sale_id, furniture_id, quantity, value) values (245, 6, 3, 300);
insert into furniture_sold (sale_id, furniture_id, quantity, value) values (246, 5, 3, 300);
insert into furniture_sold (sale_id, furniture_id, quantity, value) values (247, 16, 3, 300);
insert into furniture_sold (sale_id, furniture_id, quantity, value) values (248, 2, 2, 200);
insert into furniture_sold (sale_id, furniture_id, quantity, value) values (249, 11, 5, 500);
insert into furniture_sold (sale_id, furniture_id, quantity, value) values (250, 15, 5, 500);

/*commission*/
INSERT INTO commission VALUES(DEFAULT, false, 1, 10, 'Sede0');
INSERT INTO commission VALUES(DEFAULT, true, 2, 10, 'Sede0');

